"['机械设备', '机械整机']",机械整机,空压机,格素 BAE-75FC 空压机 螺杆空压机 双级变频空压机 欢迎咨询, 10000 /台,https://www.hc360.com/k3/M06/1B/89/O6L2459FD582250F213C24679F273BC9D8E.jpg..220x220a.jpg
"['机械设备', '机械整机']",机械整机,离心机,GKF卧式刮刀下卸料离心机, 44.6675万/台,https://www.hc360.com/k1/M00/2D/55/wKhQwGKxJ-OEPZlXAAAAAKsQDN0836.jpg..220x220a.jpg
"['机械设备', '机械整机']",机械整机,封口机,封口机 连续封口机 自动封口机 自动印字封口机, 1200 /台,https://www.hc360.com/m6/M02/66/46/wKhQolY8feWEP6q_AAAAACZmux4966.jpg..220x220a.jpg
"['机械设备', '机械整机']",机械整机,注塑机,注塑机/微型注塑机/小型注塑机/电动注塑机  小型注塑机, 25.0万/台,https://www.hc360.com/k2/M0F/7A/41/IB6fB34f8E17B28470449B68Cf5A63B250.jpg..220x220a.jpg
"['机械设备', '机械整机']",机械整机,研磨机,：沥青胶体研磨机  研磨机 小型研磨机 精密研磨机, 5800.0 /台,https://www.hc360.com/k3/M08/D8/22/69C46775c5eeAB487B0289F816Bc9170BAB.jpg..220x220a.jpg
"['机械设备', '机械整机']",机械整机,杀菌机,中药杜仲干燥杀菌机 当归干燥杀菌机 微波杀菌机, 12.0万/台,https://www.hc360.com/k1/M00/B9/CF/wKhQw14AahuEPi15AAAAAGw8FwE650.jpg..220x220a.jpg
"['机械设备', '机械整机']",机械整机,球磨机,中州球磨机   供应水泥球磨机   高效型球磨机   小型球磨机  球磨机厂家, 3.5万/台,https://www.hc360.com/k3/M0C/17/0E/wKhQv1jYiAWEWffNAAAAACJKgEU269.jpg..220x220a.jpg
"['机械设备', '机械整机']",机械整机,液压升降平台,「直顶液压升降平台」液压升降平台价格_液压升降平台厂家招商代理, 3.0万/台,https://www.hc360.com/k3/M07/90/9D/BPb9f2c95c99ee0669A54B3741D0c42A29e.jpg..220x220a.jpg
"['机械设备', '机械整机']",农业机械,拖拉机,泰山拖拉机 潍泰拖拉机904 拖拉机厂家 拖拉机价格 拖拉机维修, 8.8万/台,https://www.hc360.com/k2/M03/B2/41/wKhQxF3OFi-EakS0AAAAAOL9wMA047.jpg..220x220a.jpg
"['机械设备', '机械整机']",农业机械,割草机,出售侧挂式割草机 小型割草机 背负式割草机 汽油型割草机, 700 /部,https://www.hc360.com/k2/M05/86/C1/E297444B724E93CFB2A567F703D1D0D65D.jpg..220x220a.jpg
"['机械设备', '机械整机']",农业机械,碾米机,玉米碾米机 新款碾米机 碾米机图片_碾米机, 1300 /台,https://www.hc360.com/k3/M0D/30/8E/Tpd2459B36C287B9d39F21C4C9CdFFF93E.jpg..220x220a.jpg
"['机械设备', '机械整机']",农业机械,旋耕机,旋耕机厂家 旋耕机功能  农业旋耕机, 3200.0 /台,https://www.hc360.com/m8/M04/29/E5/wKhQpmC-z3CEa50vAAAAALkK2l4474.jpg..220x220a.jpg
"['机械设备', '机械整机']",农业机械,打捆机,牧草打捆机青草打捆机方捆打捆机, 4.98万/台,https://www.hc360.com/k1/M0A/42/20/1ke63B28D4CC54792C78A42A2D97C69544.jpg..220x220a.jpg
"['机械设备', '机械整机']",农业机械,饲料粉碎机,秸秆饲料粉碎机牧草饲料粉碎机农作物饲料粉碎机水产饲料粉碎机养殖饲料粉碎机, 2.58万/台,https://www.hc360.com/k3/M04/45/75/wKhQv1m3mY6EecwKAAAAAJW3MyQ082.jpg..220x220a.jpg
"['机械设备', '机械整机']",农业机械,压块机,牧草压块机  燃料压块机  压块机厂家, 8.6万/台,https://www.hc360.com/k1/M04/20/37/wKhQw2B9MsWEUKx1AAAAABV78r0324.jpg..220x220a.jpg
"['机械设备', '机械整机']",农业机械,挖坑机,挖坑机  高效率挖坑机   植树挖坑机   直销挖坑机, 3000 /台,https://www.hc360.com/k3/M0D/9A/09/wKhQx1grwtiEL59sAAAAALkrq7k226.jpg..220x220a.jpg
"['机械设备', '机械整机']",农业机械,铡草机,"新型铡草机,小型铡草机,家用铡草机,铡草机价格", 1500 /台,https://www.hc360.com/k2/M06/EE/FC/IK445C8EE7AA056E7ED71EA029F0696525.jpg..220x220a.jpg
"['机械设备', '机械整机']",包装印刷机械,贴标机,跋涉智能 快递贴标机 自动标签机 包裹面单机 包裹贴标机 纸箱贴标机 自动贴标机 快递贴标机 电商贴标机    贴标机, 1.5万/台,https://www.hc360.com/m7/M05/F5/8F/vvN39a7d0049126FE7B8Ed7E59566EFC835.jpg..220x220a.jpg
"['机械设备', '机械整机']",包装印刷机械,清洗机,清洗机厂家清洗机价格清洗机质量清洗机销售清洗机厂家清洗机价格清洗机质量清洗机销售, 3000.0 /台,https://www.hc360.com/k2/M04/FF/01/b64e3bcf00f6d1A8c7A3fd15A984b10A9d.jpg..220x220a.jpg
"['机械设备', '机械整机']",包装印刷机械,捆扎机,全自动钢筋捆扎机 钢筋捆扎机 捆扎机    钢筋捆扎机,0,https://www.hc360.com/m7/M06/DB/06/wKhQpFYfWtWEFtOvAAAAAMI8a_g276.jpg..220x220a.jpg
"['机械设备', '机械整机']",包装印刷机械,印刷机,少林机械齐全 冥币印刷机 印刷机械  新型冥币印刷机    冥币印刷机 冥币印刷机   , 3.6万/台,https://www.hc360.com/k3/M07/9E/93/wKhQx1qbp3GEZQqFAAAAADxorTY984.jpg..220x220a.jpg
"['机械设备', '机械整机']",包装印刷机械,热转印机,欧锐尔 热转印机 山东热转印机 青岛热转印机 日照热转印机 烟台热转印机 威海热转印机 质量杠杠的 我的产品发往全国, 1.2万/台,https://www.hc360.com/m6/M0E/B5/B4/wKhQolUZJACEYRWTAAAAAFS-cvc554.jpg..220x220a.jpg
"['机械设备', '机械整机']",包装印刷机械,贴合机,无缝服装贴合机、箱包贴合机 服装面料贴合机厂 服装用布料贴合机, 1.25万/台,https://www.hc360.com/k1/M06/65/B8/bh8211d2149b3dee37dbd219813450b32eF.jpg..220x220a.jpg
"['机械设备', '机械整机']",包装印刷机械,充填机,手动胶囊充填机/手工胶囊填充机 半自动胶囊灌装机/充填机, 3.65万/台,https://www.hc360.com/k1/M01/D6/3E/EyAcf526d4405fdBf5A961EE8d13EA20fE8.jpg..220x220a.jpg
"['机械设备', '机械整机']",包装印刷机械,胶印机,六色曲面胶印机价格 JYQ/BW-300型六色曲面胶印机, 10000.0 /套,https://www.hc360.com/m8/M0E/1A/9C/wKhQpmA9-m2EP1efAAAAAN_uQo0796.jpg..220x220a.jpg
"['机械设备', '机械整机']",机床,数控车床,一鼎数控  斜轨数控车床  数控车床  专用数控车床, 7500 /台,https://www.hc360.com/m7/M06/FD/C8/e7cefd0490dc832493fc1cBc15551Ad1c4.png..220x220a.png
"['机械设备', '机械整机']",机床,车床,供应精星C6车床 小型数显车床 台式车床 车床 小型车床, 7500 /台,https://www.hc360.com/k3/M0C/05/2C/wKhQv1itU5SEFIUEAAAAABQcRz4365.jpg..220x220a.jpg
"['机械设备', '机械整机']",机床,数控折弯机,45转线机 带转线电脑弹簧机 数控折弯机 电脑八爪机 弹簧机 弹簧机械 转线弹簧机 45机 卫浴挂件成型机 挂钩弹簧机, 26.8万/台,https://www.hc360.com/k3/M09/9B/9F/wKhQx1qUz3yEZmqJAAAAACRGr9g688.jpg..220x220a.jpg
"['机械设备', '机械整机']",机床,平面磨床,华东数控M71系列磨头移动平面磨床  平面磨床生产厂家 卧轴距台平面磨床  平面磨床价格  平面磨床厂家, 3.0万/定金,https://www.hc360.com/m6/M04/1B/68/wKhQomFBZ9eEcVouAAAAACcBxb8239.png..220x220a.png
"['机械设备', '机械整机']",机床,铣床,"仿形铣床,异型铣床，靠边铣床，多边铣床，圆边铣床、木工铣床", 4600 /台,https://www.hc360.com/k2/M0B/66/D1/wKhQxVj9Y_OEKUoiAAAAAKvGwb0222.jpg..220x220a.jpg
"['机械设备', '机械整机']",机床,磨床,供应磨床 大同磨床 台湾磨床, 7.3万/台,https://www.hc360.com/k1/M0E/19/6A/wKhQw1hLu2SEYQ_2AAAAAJf6qhg738.JPG..220x220a.JPG
"['机械设备', '机械整机']",机床,钻床,ZQ4113台钻 小型钻床 钻床现货 台式钻床 广东钻床攻丝两用, 1100 /台,https://www.hc360.com/k3/M00/2A/33/wKhQv1gyhnyETss1AAAAAHJ53r8438.jpg..220x220a.jpg
"['机械设备', '机械整机']",机床,镗床,科明机械镗床 数控切割  镗床价格 镗床厂家  镗床价格 欢迎致电, 100 /件,https://www.hc360.com/k3/M00/91/57/na284FDF268BD475A25F9CF67B3A994BE4.jpg..220x220a.jpg
"['机械设备', '机械整机']",机床,锯床,山东锯床，烟台锯床，锯床价格，锯床型号, 1.15万/台,https://www.hc360.com/k1/M0D/64/1B/wKhQwFzvIHuEFWNDAAAAAL2U18c309.jpg..220x220a.jpg
"['机械设备', '机械整机']",输送设备,输送机,树德DT75带式输送机 螺旋输送机辊筒输送机移动升降式皮带输送机, 1800 /台,https://www.hc360.com/k2/M03/FA/0F/dwte8648FCF4CeD70318DD371eAB44D738D.jpg..220x220a.jpg
"['机械设备', '机械整机']",输送设备,提升机,祥云斗式提升机 NE斗式提升机 提料机 物料提升机 垂直提升机  提升机NE斗式提升机, 8999.0 /台,https://www.hc360.com/m8/M00/19/F3/wfa5d40a042e2f735af03e18f4Bdd092f7.png..220x220a.png
"['机械设备', '机械整机']",输送设备,卸料器,卸料器  不锈钢卸料器 卸料器厂家 防爆卸料器 高温卸料器, 1350.0 /台,https://www.hc360.com/k1/M04/14/55/XcT65009a8f2ec99acf24ccf2c750e73e9D.jpg..220x220a.jpg
"['机械设备', '机械整机']",输送设备,排屑机,江苏机床排屑机厂家  排屑机制作  江苏排屑机施工 排屑机设计 排屑机安装电话 排屑机安装售后, 4000.0 /台,https://www.hc360.com/k3/M07/F7/C2/EnK9FD2A353A9921A04DCB0A1B426CF325B.jpg..220x220a.jpg
"['机械设备', '机械整机']",输送设备,输送线,仓库输送线、拣选输送线、分拣输送线、入库输送线带、出库输送带、库前输送线, 888.0 /个,https://www.hc360.com/m7/M03/77/A7/wKhQo1Wt2teEUaElAAAAALRBYHs133.jpg..220x220a.jpg
"['机械设备', '机械整机']",输送设备,压缩机,日立SG133BG3U/SGS550G3W 日立转子式压缩机, 1000 /台,https://www.hc360.com/m6/M0B/15/78/Cqkd187971e737eeC15F49d2009dd8B4e7C.jpg..220x220a.jpg
"['机械设备', '机械整机']",输送设备,给煤机,给煤机 给煤机结构特点 给煤机参数 给煤机直销, 2.5万/部,https://www.hc360.com/k3/M02/06/3F/wKhQv2BifrCEM4a7AAAAAOwQ968847.jpg..220x220a.jpg
"['五金工具', '五金配件']",五金配件,预埋件,河北预埋件厂家 预埋件价格 预埋件规格 保定预埋件 衡水预埋件, 3800 /吨,https://www.hc360.com/k3/M0B/46/DF/SLL5C45E57E71B544F19C4BD3C4725A8036.jpg..220x220a.jpg
"['五金工具', '五金配件']",五金配件,托辊,DTII型不锈钢槽型托辊 锥形托辊 橡胶托辊河北树德矿山设备欢迎客户咨询订购, 20 /个,https://www.hc360.com/k2/M00/2B/AD/wKhQxWEslZCETlkNAAAAAKH06dk366.jpg..220x220a.jpg
"['五金工具', '五金配件']",五金配件,管夹,采购管夹 双孔管夹 固定管夹 管夹价格, 15 /个,https://www.hc360.com/k1/M01/D5/35/9BaaF64C64994ECE99E39CF3CaF093254D.jpg..220x220a.jpg
"['五金工具', '五金配件']",五金配件,滑轮,【吉达】电缆井口滑轮 井口滑轮 井口滑轮轮报价  电缆滑轮 放线滑轮厂家 ，转向滑轮, 180.0 /个,https://www.hc360.com/k3/M05/12/28/Xda04853f1bdaab33b77E799589E9b34b0.jpg..220x220a.jpg
"['五金工具', '五金配件']",五金配件,冲压件,"五金冲压件,式冲压件,下走式冲压件,式五金冲压件,走式冲压件,", 2.9万/台,https://www.hc360.com/m4/M07/48/F5/wKhQ6VUA-p-EXaKwAAAAAEcGbZA563.jpg..220x220a.jpg
"['五金工具', '五金配件']",五金配件,起重链条,起重链条  起重链条厂家  圆环起重链条价格  圆环起重链条, 2000 /辆,https://www.hc360.com/k1/M0F/15/BB/G6f8a8a8bfa19c7a97a923b402cb4cD352.jpg..220x220a.jpg
"['五金工具', '五金配件']",五金配件,接头,若松 多款供选不锈钢变径接头价格|若松供|不锈钢变径接头价格低 气动接头 快速接头 液压接头,0,https://www.hc360.com/k3/M00/E6/D3/wKhQv1lQSF2EPwmMAAAAADpJsMk944.jpg..220x220a.jpg
"['五金工具', '五金配件']",五金配件,抱箍,多种抱箍 中式抱箍 德式抱箍 石雕抱箍 水泥杆抱箍 电话议价, 4500.0 /座,https://www.hc360.com/k1/M07/B7/A4/B661E8E7655156BE7C326C2AC850260F5C.jpg..220x220a.jpg
"['五金工具', '五金配件']",阀门,球阀,供应球阀  pp球阀 pvc球阀 塑料球阀 活接球阀 法兰式球阀 整体球阀 ABS球阀 湖南球阀 长沙球阀, 20 /个,https://www.hc360.com/m8/M06/CB/7D/wKhQpVc7Gy-EW-bUAAAAAO7zJn8448.jpg..220x220a.jpg
"['五金工具', '五金配件']",阀门,蝶阀,电动蝶阀 蝶阀 供应蝶阀 供应蝶阀, 88 /件,https://www.hc360.com/k2/M08/B6/A3/wKhQxV4DEqaESW65AAAAADKAFfk641.jpg..220x220a.jpg
"['五金工具', '五金配件']",阀门,调节阀,济南  恒春标准 调节阀  搏力谋调节阀   侧向调节阀  调节阀厂家, 2300.0 /套,https://www.hc360.com/k1/M0D/E6/FE/mq1217181273393B2A461FD8ED42E0766D.jpg..220x220a.jpg
"['五金工具', '五金配件']",阀门,闸阀,沟槽闸阀_闸阀_海世闸阀_国标闸阀, 88 /件,https://www.hc360.com/k3/M09/9C/3C/wKhQv13jgzqEVM56AAAAAMsSgiA108.jpg..220x220a.jpg
"['五金工具', '五金配件']",阀门,截止阀,凯林塑业截止阀 PP截止阀 PPH截止阀 PVDF截止阀 FRPP截止阀, 100 /个,https://www.hc360.com/k3/M0B/35/B5/wKhQx2IQOleEdsZHAAAAALO9QCk806.png..220x220a.png
"['五金工具', '五金配件']",阀门,安全阀,兴霖       液压阀系列  安全阀   安全阀厂家 安全阀批发  安全阀价格, 320.0 /个,https://www.hc360.com/k3/M08/EB/70/wKhQv1kRMLiEOnfeAAAAAFXJLQY006.jpg..220x220a.jpg
"['五金工具', '五金配件']",阀门,液压阀,三洋 液压阀定做 液压阀配件 机械液压阀 液压阀厂家, 100.0 /个,https://www.hc360.com/k1/M07/90/84/wKhQwF2j6t6EGneZAAAAACVVBN4981.jpg..220x220a.jpg
"['五金工具', '五金配件']",阀门,单向阀,高压单向阀 液压单向阀 气体单向阀 止回阀 厂家 现货供应, 29.75 /件,https://www.hc360.com/k2/M07/FB/D9/vjn0ab78043C5DbC923Fa61a4800ab2035C.jpg..220x220a.jpg
"['五金工具', '五金配件']",轴承,深沟球轴承,"深沟球轴承,深沟球轴承厂家,深沟球轴承价格,深沟球轴承供应商", 80.0 /个,https://www.hc360.com/k1/M07/1E/44/wKhQwFh_La6EAd__AAAAAPKt9TY089.jpg..220x220a.jpg
"['五金工具', '五金配件']",轴承,调心滚子轴承,亿煤 轴承 滚子轴承 调心滚子轴承 推力调心滚子轴承特征, 2580 /个,https://www.hc360.com/k2/M02/16/0D/4FC3b82e5ddd7f4dCbCAfe26bA1ed34984A.jpg..220x220a.jpg
"['五金工具', '五金配件']",轴承,推力球轴承,"润煤6208 推力球轴承,推力球轴承厂家,推力球轴承价", 1800 /副,https://www.hc360.com/k3/M01/56/46/wKhQv1iDKNOENCFtAAAAALZDhME507.jpg..220x220a.jpg
"['五金工具', '五金配件']",轴承,关节轴承,"鑫煤关节轴承,关节轴承厂家,关节轴承价格,关节轴承供应商,关节轴承", 100.0 /个,https://www.hc360.com/k2/M0F/30/FE/wKhQxFh_BjWEbv2WAAAAAOoEUUQ442.jpg..220x220a.jpg
"['五金工具', '五金配件']",轴承,直线轴承,国产LM6UU 镀镍直线轴承KBS直线轴承直线轴承蓬莱价格优惠, 10 /套,https://www.hc360.com/k3/M0F/A2/32/wKhQx12xe8GEI34zAAAAANGXBsA606.jpg..220x220a.jpg
"['五金工具', '五金配件']",轴承,推力滚子轴承,NSK推力滚子轴承 进口推力滚子轴承NSK推力滚子轴承 NSK推力滚子轴承进口推力滚子轴承, 320 /套,https://www.hc360.com/k1/M00/89/D0/W8ff2242447859A519A5E82E356259BEEA.jpg..220x220a.jpg
"['五金工具', '五金配件']",轴承,特种轴承,ROLLWAY特种轴承、非标轴承, 4722 /件,https://www.hc360.com/k3/M0B/D0/A9/4p3482BE5A9804B0C254FD4B0D66F6C8A8.jpg..220x220a.jpg
"['五金工具', '五金配件']",轴承,滑动轴承,GGB滑动轴承2025DU, 1005 /件,https://www.hc360.com/k2/M00/7C/E5/wKhQxV0ITP-EN_w0AAAAANNhLKw789.jpg..220x220a.jpg
"['五金工具', '五金配件']",紧固件/连接件,螺栓,【贝栓】螺栓 螺栓厂家 螺栓批发 螺栓价格  南京螺栓, 0.1 /个,https://www.hc360.com/m1/M00/9A/D2/wKhQcFRRpF-EU-xrAAAAAE5OWLU786.jpg..220x220a.jpg
"['五金工具', '五金配件']",紧固件/连接件,螺母,"螺母,螺母   ,螺母现货供应,螺母供应商,螺母", 55 /个,https://www.hc360.com/k1/M0F/9F/AF/Gg20dc923AAF606A40F8c3c88F54cA6006.jpg..220x220a.jpg
"['五金工具', '五金配件']",紧固件/连接件,螺丝,防盗螺丝 粤螺特殊螺丝 台阶螺丝 深圳内牙螺丝, 0.25 /个,https://www.hc360.com/m8/M00/0B/41/wKhQpl_bIMqEF1ffAAAAAHis5mI576.jpg..220x220a.jpg
"['五金工具', '五金配件']",紧固件/连接件,挡圈,青岛挡圈、弹性挡圈、挡圈, 21 /件,https://www.hc360.com/k1/M0B/6E/CC/wKhQw1nwwHqERJK2AAAAAFjeOho492.jpg..220x220a.jpg
"['五金工具', '五金配件']",紧固件/连接件,角件,华电角件定做角件钢制角件设备集装箱角件, 580 /件,https://www.hc360.com/m7/M00/23/88/wKhQpGI5HrOEbZ_LAAAAAIkjYEM662.jpg..220x220a.jpg
"['五金工具', '五金配件']",紧固件/连接件,栓钉,泓顺迪栓钉 焊钉剪力钉 圆柱头焊钉  钢结构楼承板抗剪栓钉, 3.0 /个,https://www.hc360.com/k1/M00/25/67/wKhQwGI4IPGELsUPAAAAAMMU7-4305.jpg..220x220a.jpg
"['五金工具', '五金配件']",紧固件/连接件,铆钉,鸿河机械φ16  φ20桥梁铆钉，铆钉价格，铆钉规格表，铆钉批发，环槽铆钉，哈克钉，机械用铆钉, 5.8 /套,https://www.hc360.com/m8/M0F/67/4F/wKhQplVusguEBg2iAAAAAAEAcqo576.jpg..220x220a.jpg
"['五金工具', '五金配件']",紧固件/连接件,卡簧,长虹弹簧 磁极卡簧 卡簧原理卡簧质量可靠, 2 /个,https://www.hc360.com/k1/M03/0B/9F/b6l4eed0d45b563556d7325e8F1253b2deA.jpg..220x220a.jpg
"['五金工具', '五金配件']",刀具/夹具,钻头,台湾台神钻头，MMC钻头，TAISHIN钻头，神钢钻头, 5 /支,https://www.hc360.com/k2/M0E/E6/38/wKhQxFlB97mED4gRAAAAAIsIk2I223.jpg..220x220a.jpg
"['五金工具', '五金配件']",刀具/夹具,开孔器,鑫隆XL-900 液压开孔器 液压分离式开孔器 手动凹凸模具开孔器 钢板开孔器, 60 /个,https://www.hc360.com/m7/M0D/5F/8B/wKhQo2G4JH6EcFlHAAAAACYVikA584.jpg..220x220a.jpg
"['五金工具', '五金配件']",刀具/夹具,拉刀,精密拉刀     ***拉刀      组合拉刀, 20 /个,https://www.hc360.com/k1/M0C/B3/C3/wKhQwFrENrOEKWFlAAAAABlYRKo372.jpg..220x220a.jpg
"['五金工具', '五金配件']",刀具/夹具,机用刀片,机用刀片 冶金机械机用刀片 切草机刀片 融旺机械, 450.0 /片,https://www.hc360.com/k2/M05/BB/09/5kw418CF4C6F98819883DAF478ADD7C7D7C.jpg..220x220a.jpg
"['五金工具', '五金配件']",刀具/夹具,夹头,供应气保护夹头 拉弧夹头 拉弧焊钉夹头 DA夹头 短周期拉弧夹头 ISO13918气保护拉弧钉夹头,0,https://www.hc360.com/k2/M01/08/66/wKhQxV_fUduEZv7wAAAAAGNHCzI659.jpg..220x220a.jpg
"['五金工具', '五金配件']",刀具/夹具,车刀,"车刀,车刀片,成型车刀",0,https://www.hc360.com/05/busin/157/620/l/l_05-157620935.jpg..220x220a.jpg
"['五金工具', '五金配件']",刀具/夹具,冲头,精密冲头  高速钢冲头, 45 /支,https://www.hc360.com/k2/M02/8C/EC/ga5a7bcd949b4dee8545d83c1b39521949.jpg..220x220a.jpg
"['建材家装', '陶瓷卫浴']",地板,防静电地板,【星鸿 防静电地板  】陶瓷防静电地板，防静电地板 ，瓷砖防静电地板 ，防静电地板 ，防静电地板, 70 /平方米,https://www.hc360.com/m7/M00/ED/A6/esb1b47e5077bCFbC7D49867D4167F7340.jpg..220x220a.jpg
"['建材家装', '陶瓷卫浴']",地板,实木地板,实木地板_实木地板价格_实木地板批发_实木地板厂家 _北京中体奥森, 390.0 /平方米,https://www.hc360.com/k3/M02/C8/C2/aFL8adF56F7CB666C620223F6a4549a2EE0.jpg..220x220a.jpg
"['建材家装', '陶瓷卫浴']",地板,复合地板,舒畅  河南复合地板 强化复合地板批发 多层实木复合地板, 33 /平方,https://www.hc360.com/k3/M08/EF/D5/OWF1da2f442a37527B2B7543BC950dE114E.jpg..220x220a.jpg
"['建材家装', '陶瓷卫浴']",地板,橡胶地板,嘉诺   卷材橡胶地板 橡胶地板 欢迎咨询, 27 /平方米,https://www.hc360.com/k3/M08/B1/45/6nWe9402ACA5A595eAC3D296A5CA712298F.jpg..220x220a.jpg
"['建材家装', '陶瓷卫浴']",地板,实木复合地板,三层实木复合地板  四川实木复合地板厂 实木复合地板 欢迎选购, 56 /平方,https://www.hc360.com/k3/M0A/F9/36/wKhQv1_7oPCEeh4oAAAAAHPbiv8827.jpg..220x220a.jpg
"['建材家装', '陶瓷卫浴']",地板,竹地板,重竹重竹地板地板竹地板户外重竹地板公司南京木之艺, 175.0 /平方,https://www.hc360.com/k1/M0F/02/BB/wKhQwGBExvyEEJX-AAAAAMBbUHI988.jpg..220x220a.jpg
"['建材家装', '陶瓷卫浴']",地板,塑料地板,供应 鲁威塑业 养殖用注塑地板 塑料地板 塑料地板, 50.0 /个,https://www.hc360.com/m7/M0B/74/26/wKhQo1ZlOSCEetGcAAAAAKB558w490.jpg..220x220a.jpg
"['建材家装', '陶瓷卫浴']",地板,钢地板,昌茂   玻璃钢地板梁  玻璃钢地板梁厂家  养殖场玻璃钢地板梁   玻璃钢地板梁价格, 12.0 /米,https://www.hc360.com/m6/M08/76/B9/wKhQoWDn7LSEFqEzAAAAAJ9_qaw194.jpg..220x220a.jpg
"['建材家装', '陶瓷卫浴']",管材,无缝钢管,批发无缝钢管 大口径480 530 厚壁无缝钢管 流体无缝钢管 结构无缝管 保证质量, 4850 /吨,https://www.hc360.com/k1/M0F/C9/34/wKhQw151d5WEHLymAAAAAKS9wlo266.jpg..220x220a.jpg
"['建材家装', '陶瓷卫浴']",管材,不锈钢管,不锈钢管价格 奥氏体不锈钢管 铁素体不锈钢管 马氏体不锈钢管 双相不锈钢管, 11.8 /千克,https://www.hc360.com/k3/M02/2D/33/F6D85357911FDA0CC59E4ECF27244BD217.jpg..220x220a.jpg
"['建材家装', '陶瓷卫浴']",管材,螺旋管,螺旋管 云南螺旋管昆明螺旋管螺旋管价格防腐螺旋管国标螺旋管, 4100.0 /吨,https://www.hc360.com/k1/M08/2A/AD/wKhQw2DtUB-EBY3_AAAAAKi-3WM697.jpg..220x220a.jpg
"['建材家装', '陶瓷卫浴']",管材,波纹管,桥博 波纹管 金属波纹管 预应力波纹管 耐腐蚀波纹管 塑料波纹管 波纹管厂家, 480 /米,https://www.hc360.com/k1/M0C/BB/85/PR34E3137ADD074CA1910C76E4E3182F27.jpg..220x220a.jpg
"['建材家装', '陶瓷卫浴']",管材,异径管,【沧州】昊诚河北异径管 沧州异径管 盐山异径管 沧州异径管厂家, 10 /件,https://www.hc360.com/k2/M0C/F2/A5/wKhQxFsQtrWEUM8OAAAAAM2eDYI841.jpg..220x220a.jpg
"['建材家装', '陶瓷卫浴']",管材,橡胶管,河北景县真空橡胶管、 真空泵橡胶管、实验室橡胶管、 抽真空管、橡胶真空管，抽真空用橡胶管, 36.0 /米,https://www.hc360.com/k3/M0E/1A/0E/wKhQv1drk1GEKSREAAAAAN7kJzE317.jpg..220x220a.jpg
"['建材家装', '陶瓷卫浴']",管材,PPH管,PPH管价格 凯林塑业 PPH管 PPH管生产 PPH管厂家, 15 /件,https://www.hc360.com/k2/M00/35/0F/wKhQxWIQQoiEd2-AAAAAAMjXrHc896.PNG..220x220a.PNG
"['建材家装', '陶瓷卫浴']",管材,铜管,黄铜管 厚壁铜管 包塑铜管 铜管批发 铜管切割, 32 /公斤,https://www.hc360.com/k3/M07/11/02/wKhQv2DMPYKEYxQAAAAAABNTSPg712.png..220x220a.png
"['建材家装', '陶瓷卫浴']",板材,板材,大量批发PP板材 供应板材 塑料板材 PP板材 PVC板材 PE板材 ABS全新料板材 承接非标定做, 15 /公斤,https://www.hc360.com/k1/M0F/A4/73/wKhQwFqolw-EUZRXAAAAAFwAB9g922.jpg..220x220a.jpg
"['建材家装', '陶瓷卫浴']",板材,型材,专业生产铝合金型材 直销 家具型材 建筑型材 工业型材及氧化, 19.5 /千克,https://www.hc360.com/k1/M07/E5/6A/wKhQw1lE5xOER4bnAAAAAMcF4eo965.jpg..220x220a.jpg
"['建材家装', '陶瓷卫浴']",板材,缝筛板,厂家定制条缝筛板  义乌条缝筛板 条缝筛板 包边筛板 条缝筛板厂家, 568.0 /件,https://www.hc360.com/k3/M0E/85/52/wKhQx10xbBaEVCIrAAAAANtXC40590.jpg..220x220a.jpg
"['建材家装', '陶瓷卫浴']",板材,生态板,木纹封边 生态板扣条 橱柜门封边  生态板扣条 家具铝条, 1.1 /米,https://www.hc360.com/m8/M0E/BA/31/wKhQpVb1JYiEIlRvAAAAAKa8PtY141.jpg..220x220a.jpg
"['建材家装', '陶瓷卫浴']",板材,木板材,供应大量.烘干杨木板材.白椿木板材., 1860 /立方,https://www.hc360.com/m6/M06/EC/27/wKhQolbm2m2EDDHeAAAAAHPaFe0521.jpg..220x220a.jpg
"['建材家装', '陶瓷卫浴']",板材,装饰板材,"装饰板材,防水板材,装饰用板材,pp板材,装饰pp板材,防水墙面装饰", 13.5 /公斤,https://www.hc360.com/k2/M01/39/1F/TC7093ac85823ac1D1DB9B7306FBEFF929.JPG..220x220a.JPG
"['建材家装', '陶瓷卫浴']",板材,片材,SMC片材/成都BMC 片材/成都SMC片材  成都BMC片材, 7.8 /公斤,https://www.hc360.com/k3/M0F/7A/64/wKhQx10K6wmEXwG_AAAAAItJv3Q510.jpg..220x220a.jpg
"['建材家装', '陶瓷卫浴']",板材,木皮,供应浙江木皮接拼胶带  贴木皮水胶带 木皮修补胶带, 2.0 /平方米,https://www.hc360.com/m6/M0C/C2/61/wKhQolbvW1SEC1qrAAAAAEzSSQk366.jpg..220x220a.jpg
"['建材家装', '陶瓷卫浴']",陶瓷卫浴,瓷砖,鑫卓茂 瓷砖粘接剂 瓷砖粘接剂配方大全 瓷砖粘接 瓷砖粘接剂 瓷砖粘接砂浆瓷砖粘接剂价格 瓷砖粘接剂   *** 瓷砖粘接, 530 /吨,https://www.hc360.com/k1/M07/E9/35/wKhQwF-S_nSEWsLMAAAAACPgeTs266.jpg..220x220a.jpg
"['建材家装', '陶瓷卫浴']",陶瓷卫浴,仿古砖,厂家批发仿古砖 模具仿古砖 陶瓷仿古砖, 7 /片,https://www.hc360.com/k2/M0D/FF/79/wKhQxV-t5KaES6jyAAAAAP2zTZI532.jpg..220x220a.jpg
"['建材家装', '陶瓷卫浴']",陶瓷卫浴,现代砖,木质纹理瓷砖批发 现代风格瓷砖 房间木纹地砖, 9.8 /片,https://www.hc360.com/m7/M01/35/E4/wKhQo1_bJ7yEP7E2AAAAAC093s0127.jpg..220x220a.jpg
"['建材家装', '陶瓷卫浴']",陶瓷卫浴,瓷片,华雁电子瓷件 瓷片订制 工业陶瓷 陶瓷片 瓷片厂家, 10.0 /个,https://www.hc360.com/m6/M01/0D/84/wKhQomCWGpqEBcXiAAAAAF6q9bg169.jpg..220x220a.jpg
"['建材家装', '陶瓷卫浴']",陶瓷卫浴,花洒,超然洁具SE-422花洒 负离子花洒 水疗花洒 电镀花洒 喷头, 13 /个,https://www.hc360.com/k2/M03/F7/C2/wKhQxFh68_6EXCReAAAAAInpS1g543.png..220x220a.png
"['建材家装', '陶瓷卫浴']",陶瓷卫浴,浴缸,"铜浴缸价格_铜浴缸铜浴缸_欧式紫铜浴缸,酒店铜浴缸", 8000.0 /口,https://www.hc360.com/k3/M08/DB/CD/wKhQv1jR7taEJ3_cAAAAAOLZGyA549.jpg..220x220a.jpg
"['建材家装', '陶瓷卫浴']",陶瓷卫浴,浴室柜,厂家生产山东PVC浴室柜和济南橡木浴室柜   浴室柜洁具, 2000 /套,https://www.hc360.com/m8/M03/1F/F9/wKhQpVbnsLuEMMXvAAAAAE3A6rM402.jpg..220x220a.jpg
"['建材家装', '陶瓷卫浴']",陶瓷卫浴,水龙头,盛世唐朝卫浴 25007A 水龙头 面盆水龙头 单孔水龙头 酒店水龙头 工程水龙头 开平水龙头 冷热水龙头 水龙头厂家, 212 /个,https://www.hc360.com/g8/M05/E2/FE/wKhQt1P1i4WEL4f2AAAAAAJE9L8496.jpg..220x220a.jpg
"['建材家装', '陶瓷卫浴']",陶瓷卫浴,面盆,冷热面盆龙头冷热铜台下盆水龙头脸盆龙头铜冷热单孔面盆龙头, 248 /件,https://www.hc360.com/k1/M08/98/C4/wKhQwF3MxI6EM4gFAAAAAKFYPMw406.jpg..220x220a.jpg
"['建材家装', '陶瓷卫浴']",陶瓷卫浴,马桶,防撞马桶 siw防撞马桶 留防撞马桶, 3500 /平方米,https://www.hc360.com/m7/M0D/04/81/wKhQpGBZg2yET4ZeAAAAAMl1oJ4403.jpg..220x220a.jpg
"['建材家装', '陶瓷卫浴']",陶瓷卫浴,坐便器,甘肃旱坐便器、山西旱坐便器、宁夏农村坐便器 陕西, 55 /个,https://www.hc360.com/m8/M03/2F/ED/rfv2ed55ed829e077B1Bd60803F17eCFe9B.jpg..220x220a.jpg
"['建材家装', '陶瓷卫浴']",陶瓷卫浴,地漏,简塑 PVC排水方地漏 防臭地漏 预埋地漏 pvc方地漏, 1.85 /个,https://www.hc360.com/m7/M04/13/84/wKhQpFUQBfGEanwZAAAAAMnIvoU096.jpg..220x220a.jpg
"['建材家装', '陶瓷卫浴']",石材石料,路沿石,泌阳路沿石  路沿石批发   芝麻白路沿石  路沿石厂家  路沿石批发  路沿石直销  路沿石价格, 35.0 /平方米,https://www.hc360.com/k3/M00/73/7D/wKhQx1ogs2GEZILGAAAAAMezRIg378.jpg..220x220a.jpg
"['建材家装', '陶瓷卫浴']",石材石料,鹅卵石,黑色鹅卵石批发洗米石黑色鹅卵石厂家园林公园景观铺路装饰鹅卵石, 330 /吨,https://www.hc360.com/k3/M0F/2C/52/wKhQx2FutRSEXJ55AAAAAGwwoSE344.jpg..220x220a.jpg
"['建材家装', '陶瓷卫浴']",石材石料,花岗岩,泌阳 红麻花岗岩 泌阳红花岗岩 虾红花岗岩 樱花红花岗岩    英雄红花岗岩 玫瑰红花岗岩 石材花岗岩, 59 /平方米,https://www.hc360.com/k2/M06/2F/81/wKhQxGEClDCEK_9tAAAAAP0Kw5k715.jpg..220x220a.jpg
"['建材家装', '陶瓷卫浴']",石材石料,栏杆,百石汇河岸栏杆，湖边栏杆，河堤栏杆河道栏杆, 350.0 /米,https://www.hc360.com/g7/M03/02/47/wKhQs1Px3duENgK4AAAAAG4BVrs183.jpg..220x220a.jpg
"['建材家装', '陶瓷卫浴']",石材石料,卵石,鹅卵石 广东鹅卵石广东鹅卵石 广州鹅卵石 深圳鹅卵石 珠海鹅卵石 惠州鹅卵石批发, 150 /吨,https://www.hc360.com/m6/M0D/1E/AD/wKhQomGUQ0eEFeSSAAAAAMzf4sE313.jpg..220x220a.jpg
"['建材家装', '陶瓷卫浴']",石材石料,板岩,板岩  板岩介绍 河北板岩批发, 55 /平方米,https://www.hc360.com/k3/M01/9D/CF/wKhQv13p1P-EDu3VAAAAAFudl-s651.jpg..220x220a.jpg
"['建材家装', '陶瓷卫浴']",石材石料,大理石,深圳大理石|大理石批发|大理石加工|深圳大理石价格|深圳大理石矿山, 40 /平方米,https://www.hc360.com/k1/M04/CE/25/wKhQwFr1V9mEAXw-AAAAALFwT2M969.jpg..220x220a.jpg
"['建材家装', '陶瓷卫浴']",石材石料,石板材,销售青石板材 防滑拉丝青石板材 荔枝面青石板材 錾打面青石板材, 46 /平方米,https://www.hc360.com/k3/M0B/DB/57/wKhQv189y5yEZhtfAAAAAMNHW0s361.jpg..220x220a.jpg
"['节能环保', '除尘设备']",除尘设备,雾炮机,雾炮机 雾炮机环保设备   远程雾炮机 工地雾炮机 车载式雾炮机 环保雾炮机, 2500 /台,https://www.hc360.com/k1/M0C/7B/CD/C7k0b5681c8b839D74735cb44c2DF595F1D.jpg..220x220a.jpg
"['节能环保', '除尘设备']",除尘设备,除尘设备配件,除尘设备木工除尘设备 除尘设备配件 龙腾环保除尘设备实体厂家 做工精美 净化率好, 1.52万/台,https://www.hc360.com/k2/M0B/3C/6F/wKhQxGIcMvWEFZMtAAAAAGlNt7w260.jpg..220x220a.jpg
"['节能环保', '除尘设备']",除尘设备,除尘专用设备,艾礼富机械 除尘专用设备 方形脉冲除尘器 脉冲布袋除尘器 饲料除尘设备 饲料厂专用设备, 5000 /台,https://www.hc360.com/k1/M0B/EF/FE/Lvff5222a8dc958ad704295ac268aB64Ba.jpg..220x220a.jpg
"['节能环保', '除尘设备']",除尘设备,袋式除尘装置及配件,华康牌XMC袋式除尘装置及配件, 2.0万/台,https://www.hc360.com/m6/M04/EF/5D/wKhQolZNNwSES6XbAAAAACAsAJE037.jpg..220x220a.jpg
"['节能环保', '除尘设备']",除尘设备,过滤式除尘装置,SINOVAC 过滤式除尘装置, 10.0万/套,https://www.hc360.com/m6/M01/14/72/wKhQoVXlSp6ENtr6AAAAAOTuH-g654.jpg..220x220a.jpg
"['节能环保', '除尘设备']",除尘设备,静电除尘装置,静电除尘设备，静电除尘枪，离子除尘枪，静电除尘装置及配件，静电除尘, 2.3456万/套,https://www.hc360.com/k2/M04/4F/18/wKhQxFwpiWWEZsjuAAAAAAd1knw112.jpg..220x220a.jpg
"['节能环保', '除尘设备']",除尘设备,湿式除尘装置,华康 各种型号 WC型湿式除尘装置 湿式除尘器 除尘装置, 1.9万/台,https://www.hc360.com/m8/M01/2D/AF/HULe8ead72a4103f6ef0eC9a59dd15a40f2.jpg..220x220a.jpg
"['节能环保', '除尘设备']",除尘设备,水膜除尘装置,艺能 锅炉 厂家销售 水膜除尘装置 欢迎   , 9000 /台,https://www.hc360.com/k3/M0D/98/6A/wKhQv1i4xQ6ENpifAAAAAG1hgbU081.jpg..220x220a.jpg
"['节能环保', '除尘设备']",公共环卫设施,环卫垃圾桶,环卫垃圾桶 环卫垃圾桶性能  园林环卫垃圾桶种类, 120 /个,https://www.hc360.com/m6/M05/10/64/NISe487B414F3ee85062FA9B0126DB3Ce98.jpg..220x220a.jpg
"['节能环保', '除尘设备']",公共环卫设施,环保厕所,供应郑州移动厕所 临沂环保厕所 滁州环保厕所 环保厕所厂家 环保厕所价格 环保厕所销售, 7.0万/台,https://www.hc360.com/m6/M05/62/3A/wKhQoVbxA_GEN3J3AAAAABhQy74704.jpg..220x220a.jpg
"['节能环保', '除尘设备']",公共环卫设施,垃圾焚烧炉,垃圾焚烧炉 生活垃圾焚烧炉 医疗垃圾焚烧炉 工业垃圾焚烧炉 垃圾焚烧炉设备 环保垃圾焚烧炉厂家, 12.0万/台,https://www.hc360.com/k2/M0E/E8/0B/wKhQxF71Y-qEPWX1AAAAAK0jnGM186.jpg..220x220a.jpg
"['节能环保', '除尘设备']",公共环卫设施,环境卫生公共设施,来宾充电站建造 钢结构公共设施施工  五鸿钢结构, 300 /平方米,https://www.hc360.com/k1/M0D/DD/D0/9ece1ce7fa82d82fe2683c14c9B9aB5153c.jpg..220x220a.jpg
"['节能环保', '除尘设备']",公共环卫设施,捡拾器,绝缘捡拾器 绝缘捡拾器 伸缩型绝缘拾物钳 河北 恒龙电气, 400.0 /个,https://www.hc360.com/k2/M0B/8E/B9/jtdc9a5e61087e06ee6a1008a488F39105.jpg..220x220a.jpg
"['节能环保', '除尘设备']",公共环卫设施,垃圾处理机,餐余垃圾处理餐厨垃圾处理厨余垃圾处理设备南京商用垃圾处理机, 45.0万/台,https://www.hc360.com/k2/M01/A6/5B/2Hi9aed86d214131509ad12a3e4de6a99aC.jpg..220x220a.jpg
"['节能环保', '除尘设备']",公共环卫设施,垃圾处理设备,湿垃圾处理设备厨房垃圾处理设备, 10.995万/台,https://www.hc360.com/k2/M06/DE/C2/wKhQxV7q2B6EPVdUAAAAADhKTBU113.jpg..220x220a.jpg
"['节能环保', '除尘设备']",公共环卫设施,撒布机,现货撒布机 撒布机价格 撒布机批发 离心撒布机 融雪撒布机, 1.15万/台,https://www.hc360.com/k3/M08/DC/64/wKhQv19EfciEAb0aAAAAAMtvKXQ783.jpg..220x220a.jpg
"['节能环保', '除尘设备']",过滤材料,滤芯,汇发A除尘滤芯，粉房滤芯，喷涂滤芯, 130.0 /台,https://www.hc360.com/k1/M06/3E/0E/wKhQwFkdoGiEBdLJAAAAAG2r_iM177.jpg..220x220a.jpg
"['节能环保', '除尘设备']",过滤材料,防尘网,北京厂家批发防尘网 聚酯防尘网 防尘网材质 柔性防尘网  盖土防尘网, 39 /捆,https://www.hc360.com/k2/M00/91/FB/2L463EFB48CF539B2038F2A357A5C6CE35.jpg..220x220a.jpg
"['节能环保', '除尘设备']",过滤材料,滤料,供应煤滤料    煤滤料 煤滤料用途 煤滤料价格  煤颗粒滤料 粉状煤滤料, 800 /吨,https://www.hc360.com/k2/M08/69/77/tlb36DD968A41567EA003C23C93D7bD582.jpg..220x220a.jpg
"['节能环保', '除尘设备']",过滤材料,滤袋,过滤器滤袋 无纺布滤袋  尼龙滤袋 耐高温滤袋, 30 /个,https://www.hc360.com/k1/M0D/71/B8/btBF312F517B22025BB1BCFE0E35FF7424E.jpg..220x220a.jpg
"['节能环保', '除尘设备']",过滤材料,滤筒,超低排放褶皱式滤筒 踩入式滤筒 褶皱式除尘滤筒 袋改筒超低排放滤筒, 600 /只,https://www.hc360.com/k1/M03/14/E6/rN65192012fadd593122009995df1aa920.jpg..220x220a.jpg
"['节能环保', '除尘设备']",过滤材料,过滤棉,过滤棉 中效过滤棉 喷漆过滤棉 高温过滤棉 顶棚过滤棉 漆雾过滤棉厂家, 300 /卷,https://www.hc360.com/m8/M02/2D/3F/wKhQpmDmZT2ESfT2AAAAAD_8CkE410.jpg..220x220a.jpg
"['节能环保', '除尘设备']",过滤材料,滤片,不锈钢过滤片 圆形滤片, 8 /米,https://www.hc360.com/k2/M0D/FE/AF/e394f3443bfc48f053737E89f1293f69b8.jpg..220x220a.jpg
"['节能环保', '除尘设备']",过滤材料,滤网,过滤网 沟槽过滤网 小型过滤网 圆形过滤网 编织过滤网 金属过滤网 不锈钢过滤网, 2.5 /个,https://www.hc360.com/m8/M0C/2E/DC/Aw40CB8E1B6F2750A53E62493DA80FB65B.jpg..220x220a.jpg
"['节能环保', '除尘设备']",节能设备,煤棒机,正一机械煤棒机 环保煤棒机 大型煤棒机现货 自助螺旋煤棒机 节能煤棒机 全国供应 煤棒机价格 小型煤棒机, 1.2万/台,https://www.hc360.com/k1/M05/FB/8A/wKhQw1932Q6EEzjOAAAAAOr2UVw478.jpg..220x220a.jpg
"['节能环保', '除尘设备']",节能设备,节能器,节能器-山东节能器_泰安节能器, 8600.0 /台,https://www.hc360.com/k2/M08/32/59/Vjr5771a6cfdb3f3dfbaE81cE661ffc61fc.jpg..220x220a.jpg
"['节能环保', '除尘设备']",节能设备,气化器,百亚气化器厂家供应1000 2000 立方低温液体气化器   气化器价格 河北气化器厂家, 30 /立方,https://www.hc360.com/k3/M07/63/D9/wKhQx1y6kkCECVUAAAAAAEY483E731.jpg..220x220a.jpg
"['节能环保', '除尘设备']",节能设备,节水设备,康得赛特 CDST-Ⅰ型案例  节水设备现货, 2500 /部,https://www.hc360.com/k3/M0B/EE/ED/wKhQv1-8zS2ELeDFAAAAAKunpmo665.JPG..220x220a.JPG
"['节能环保', '除尘设备']",节能设备,节油器,鸣曦源头厂家供应Omoxi 超级电容-稳电升力节油器-汽车车载节油器OMO-SSTB- 质量保证 欢迎来电咨询问价, 300 /pcs,https://www.hc360.com/k3/M02/3A/0D/wKhQx2JriQGEUtF1AAAAAFvlc_g514.jpg..220x220a.jpg
"['节能环保', '除尘设备']",节能设备,节电设备,节电设备, 5200.0 /台,https://www.hc360.com/m2/M00/8E/56/wKhQcVRmsZ-EYhT8AAAAAPbo474309.jpg..220x220a.jpg
"['节能环保', '除尘设备']",节能设备,节煤设备,煤炭烘干机KN-240RD 节煤设备, 5.7万/套,https://www.hc360.com/m6/M0A/9F/A1/wKhQolZ8yJSEINx9AAAAAGXeUWI822.jpg..220x220a.jpg
"['节能环保', '除尘设备']",消音降噪设备,隔音、吸声材料,供应财富华美凹凸型隔音/吸声材料, 20 /平方米,https://www.hc360.com/k3/M01/2A/48/wKhQv1jGPKGEK_htAAAAACauw1A840.jpg..220x220a.jpg
"['节能环保', '除尘设备']",消音降噪设备,隔音罩,供应天聪隔音罩, 10000 /个,https://www.hc360.com/k2/M0E/71/AF/wKhQxFzFeaiEVmv0AAAAANIW3HU028.jpg..220x220a.jpg
"['节能环保', '除尘设备']",消音降噪设备,隔音房,中音 隔音房空调机房厂房车间隔音降噪隔音房设计施工定制厂家, 298.0 /平方米,https://www.hc360.com/k2/M0E/85/F3/5qrfdf8682b02C49Cfb7d66dEf92836C33b.jpg..220x220a.jpg
"['节能环保', '除尘设备']",消音降噪设备,隔声门,赛科  影院隔声门 软包隔声门 KTV隔声门 钢质隔声门 防火隔声门, 630 /樘,https://www.hc360.com/k2/M0B/AA/D3/c3976b9da42FF26b107891FE7E1a3a8284.jpg..220x220a.jpg
"['节能环保', '除尘设备']",消音降噪设备,交通噪声隔声屏障,雄饶 金属声屏障 降噪声屏障 交通声屏障 交通噪声隔声屏障 公路隔声屏障, 100 /平方米,https://www.hc360.com/m8/M09/33/31/wKhQpWKZb5eEaz6IAAAAAOr38tw424.jpg..220x220a.jpg
"['节能环保', '除尘设备']",消音降噪设备,消声器,协力盛 风机消声器 消声器厂家 广东消声器厂家 冷却塔消声器 排风口消声器, 800.0 /平方米,https://www.hc360.com/m8/M06/01/88/wKhQpmJT6AOEa0eKAAAAAHht9wo266.jpg..220x220a.jpg
"['节能环保', '除尘设备']",消音降噪设备,高炉煤气均压放散消声器,高炉放散消音器 高炉煤气减压阀消音器  高炉放风阀消声器,0,https://www.hc360.com/m6/M07/03/D3/wKhQomBIJ9CEDfu2AAAAABzDISA405.jpg..220x220a.jpg
"['节能环保', '除尘设备']",消音降噪设备,噪音计,供应台湾群特CENTER329噪音计  噪音计厂家, 2600.0 /个,https://www.hc360.com/k3/M05/09/61/wKhQv1ttSLCEIGfPAAAAAL5s60k954.jpg..220x220a.jpg
"['工程机械', '起重机械']",起重机械,起重机,巨鼎起重机  起重机 桥式起重机  单梁起重机  电动葫芦起重机 门式起重机,0,https://www.hc360.com/k1/M02/84/3F/PFe9e330F21Ae9C2660e945027FD7FCeFe.jpg..220x220a.jpg
"['工程机械', '起重机械']",起重机械,卷扬机,供应上威建筑卷扬机 建筑卷扬机 神威卷扬机 卷扬机厂家 调速卷扬机 神威卷扬机 卷扬机批发, 6.0万/台,https://www.hc360.com/k3/M05/F6/30/wKhQv1gf9tmERtFwAAAAAJ6T4Mk053.jpg..220x220a.jpg
"['工程机械', '起重机械']",起重机械,吊运机,小吊机百一  便携式吊运机 小型吊运机, 1660.0 /台,https://www.hc360.com/k2/M0A/52/96/wKhQxFhvDUmEHm2EAAAAAGlzDQ4161.jpg..220x220a.jpg
"['工程机械', '起重机械']",起重机械,吊车,通达吊车  吊车 吊车 重型吊车 厂家报价, 5.0万/辆,https://www.hc360.com/k3/M0E/6C/60/wKhQv10R7tuEFsyuAAAAAD1f_5A092.jpg..220x220a.jpg
"['工程机械', '起重机械']",起重机械,升降台,威龙 专业生产升降台 小型移动升降台 电动升降台 液压升降台, 8800.0 /台,https://www.hc360.com/k3/M00/43/C5/Bwe8a2EBa17B63a204090F4D22432Ca70a0.jpg..220x220a.jpg
"['工程机械', '起重机械']",起重机械,登车桥,济南钜鹏 登车桥 汽车登车桥 货车登车桥 流动式登车桥 物流登车桥 移动登车桥, 1.58万/台,https://www.hc360.com/k2/M08/05/21/wKhQxF-olvuEcN3UAAAAAF6rcKM369.jpg..220x220a.jpg
"['工程机械', '起重机械']",起重机械,起重器,永磁起重器规格 永磁起重器参数 永磁起重器货源, 1500 /台,https://www.hc360.com/k3/M01/08/02/wKhQv2BxPBaEFNuXAAAAAMLYHjw515.jpg..220x220a.jpg
"['工程机械', '起重机械']",起重机械,调节板,惠州调节板|佛山调节板|广州调节板|高度调节板厂家, 1.8万/台,https://www.hc360.com/k3/M0A/B7/4F/ipMfe2ab02cfd1cc4d60c0ecbef70ba5f95.jpg..220x220a.jpg
"['工程机械', '起重机械']",工程机械配件,链条,"NE链条,NE链条厂家,NE链条价格,NE链条供应,NE链条现货,NE链条", 7680 /个 ,https://www.hc360.com/k1/M00/2E/B8/wKhQwFiAbZqELsMyAAAAANVUnS0204.jpg..220x220a.jpg
"['工程机械', '起重机械']",工程机械配件,回转支承,厂家供应晋安单排四点接触球式回转支承（01系列）―内齿式, 2000 /套,https://www.hc360.com/k3/M07/20/B2/T8bbe0166304dC6eAC1A098C9d4861C9bb.png..220x220a.png
"['工程机械', '起重机械']",工程机械配件,斗齿,斗齿 斗齿生产商 斗齿货源 斗齿厂家 斗齿优惠, 40.0 /件,https://www.hc360.com/m8/M0E/1B/3D/K5W6329a5587c0d51a679711c93F74a6230.jpg..220x220a.jpg
"['工程机械', '起重机械']",工程机械配件,振动器,仓壁振动器 电磁仓壁振动器 电机仓壁振动器, 800 /台,https://www.hc360.com/k1/M05/5A/76/5N8a880ba965163D218780DC611b7718Fb.jpg..220x220a.jpg
"['工程机械', '起重机械']",工程机械配件,驾驶室,挖掘机驾驶室驾驶室, 1.2万/个,https://www.hc360.com/k3/M0C/C9/5D/wKhQv1rWuE2EDhRtAAAAAI-TmaU785.jpg..220x220a.jpg
"['工程机械', '起重机械']",工程机械配件,吊钩,吊钩|货钩|生产吊钩|各种型号吊钩|羊角吊钩|美式货钩/集装箱吊钩 吊钩 吊钩|货钩 20Tyoke, 9 /个,https://www.hc360.com/m8/M07/BC/A6/wKhQplcEX4qEYB_VAAAAANer-tM906.png..220x220a.png
"['工程机械', '起重机械']",工程机械配件,挖斗,价格便宜实惠斜坡挖斗 DX260挖斗 种类齐全平坡挖斗刷坡挖斗 倾斜挖斗, 1.51万/件,https://www.hc360.com/k1/M01/2D/BA/wKhQw2EUb4mEOX_EAAAAANbsDjA648.jpg..220x220a.jpg
"['工程机械', '起重机械']",工程机械配件,控制箱,防尘控制箱 工控控制箱 风机控制箱定额 伽捌, 1366.0 /个,https://www.hc360.com/k2/M08/AD/BE/JXC080e9582186D42D505D4813e0DB71C3A.jpg..220x220a.jpg
"['工程机械', '起重机械']",工程机械整机,钢筋弯曲机,凯曦 钢筋弯曲 钢筋弯曲机 钢筋弯曲机厂家 钢筋弯曲机价格, 98.0万/台,https://www.hc360.com/m8/M0E/2D/0B/wKhQpmDkEmeEDBxHAAAAAEoy3rs984.jpg..220x220a.jpg
"['工程机械', '起重机械']",工程机械整机,钢管调直机,河北钢管调直机_钢管调直机价格_钢管调直机批发, 1.2万/台,https://www.hc360.com/k2/M0C/C0/37/8C1c2f726f9625cD075B0A074E576E5D53.jpg..220x220a.jpg
"['工程机械', '起重机械']",工程机械整机,锚具,朔涵 15锚具 18锚具 22锚具 锚具厂家 锚具价格 锚具, 73.9 /套,https://www.hc360.com/m8/M01/11/D3/NLEb36c47e7718Fbc2Fc9F13FDDF00c1c8e.jpg..220x220a.jpg
"['工程机械', '起重机械']",工程机械整机,压管机,压管机，白山压管机，压管机，白城压管机, 8700.0 /台,https://www.hc360.com/k3/M08/0F/7C/i1te793e349f5ef0eD8Ae068e805542B72A.png..220x220a.png
"['工程机械', '起重机械']",工程机械整机,修复机,厂家直供巷道修复机 巷道修复机 操作简单 WPZ-45/400(A)巷道修复机, 5.4万/台,https://www.hc360.com/k2/M02/11/A1/gG70369eb55dcd2db76A476d16694A1d6b.jpg..220x220a.jpg
"['工程机械', '起重机械']",工程机械整机,绕筋机,绕筋机 自动钢筋笼机 全自动绕筋机 钢筋绕筋机 贵州绕筋机, 4000 /台,https://www.hc360.com/k3/M0F/E6/25/KQq19164cf8a5dcd4daa4dB9aca47273Efd.jpg..220x220a.jpg
"['工程机械', '起重机械']",工程机械整机,折弯机,剪板机折弯机 亚克力折弯机大型折弯机手动折弯机塑料折弯机, 1.6万/件,https://www.hc360.com/k1/M0C/11/15/wKhQwFg_zE-EEqbDAAAAAPJOz3U575.jpg..220x220a.jpg
"['工程机械', '起重机械']",工程机械整机,制管机,供应 华源 制管机 立式挤压水泥制管机 水泥制管机 水泥制管机械 立式制管机 立式水泥制管机, 1.5万/台,https://www.hc360.com/m7/M03/0C/46/hB14a9d6d01d62ab24FbE3CaC5CFE20714.jpg..220x220a.jpg
"['工程机械', '起重机械']",高空作业机械,升降机,钜鹏 升降机 垂直升降机 货物升降机 电动升降机 链条升降机 轨道升降机, 10000 /台,https://www.hc360.com/k2/M0A/00/50/wKhQxV-zIeWEcZJ2AAAAADsaLHI144.jpg..220x220a.jpg
"['工程机械', '起重机械']",高空作业机械,高空作业车,高空作业车招标升降高空作业车凯马高空作业车, 9.5万/台,https://www.hc360.com/k2/M07/10/3D/wKhQxF_kPnuEBOM3AAAAADkmj8A151.jpg..220x220a.jpg
"['工程机械', '起重机械']",高空作业机械,高空作业平台,威龙 升降高空作业平台 剪叉式高空作业平台 自行式高空作业平台, 8800 /台,https://www.hc360.com/k1/M0F/3A/EF/hm5d636deeF34C0d5CACdFC3520CAAeC31.jpg..220x220a.jpg
"['工程机械', '起重机械']",高空作业机械,液压登车桥,液压登车桥 供应登车桥 液压登车桥电话 液压登车桥固定式登车桥, 1.2万/台,https://www.hc360.com/k2/M0C/F7/3B/wKhQxF9GITuESzJEAAAAAO0fp-U974.jpg..220x220a.jpg
"['工程机械', '起重机械']",高空作业机械,施工升降机,焦作施工升降机 导轨式施工升降机 盖高楼用施工升降机, 7700 /台,https://www.hc360.com/m8/M01/07/21/eNGeb741742725C7e47A7C1A9D4C8e9632A.png..220x220a.png
"['工程机械', '起重机械']",高空作业机械,升降车,优惠升降车 优惠报价升降车, 14.8万/台,https://www.hc360.com/m8/M0E/08/DB/wKhQpV_6mZ6ERBMHAAAAAOLDbPc041.jpg..220x220a.jpg
"['工程机械', '起重机械']",高空作业机械,高处作业吊篮,江苏高处作业吊篮 高处作业吊篮厂家 高处作业吊篮价格, 9.8万/台,https://www.hc360.com/m6/M02/84/9A/wKhQoWHc_uuENpdhAAAAAPJa1EU280.jpg..220x220a.jpg
"['工程机械', '起重机械']",挖掘机械,挖掘机,小型挖掘机 挖掘机价格 液压挖掘机  挖掘机挖斗 挖掘机图片 挖掘机类型, 2.0万/台,https://www.hc360.com/k1/M0F/8B/C8/RuE5287a8c40a49401B64346B99c7005a97.jpg..220x220a.jpg
"['工程机械', '起重机械']",挖掘机械,履带挖掘机,履带挖掘机 全新大型履带挖掘机, 1.4万/台,https://www.hc360.com/k3/M0B/63/F8/wKhQv1z0zBSEZ84TAAAAAG1PHqM144.jpg..220x220a.jpg
"['工程机械', '起重机械']",挖掘机械,抓钢机,鼎东 抓钢机 莲花抓钢机 五瓣抓钢机, 2.45万/台,https://www.hc360.com/m7/M03/01/5B/mKE4BDE1A7416C2CCC59C90F1F942B428C.jpg..220x220a.jpg
"['工程机械', '起重机械']",挖掘机械,挖沟机,挖沟机 临颖挖沟机  挖沟机厂家 土地挖沟机 挖沟机价格, 1.68万/个,https://www.hc360.com/k3/M0E/BD/67/PZd4ea3d870B63a103adC8F88B54018d0a.jpg..220x220a.jpg
"['工程机械', '起重机械']",挖掘机械,校平机,校平机厂家供应 拓诚校平机, 2.5万/台,https://www.hc360.com/k2/M0A/E1/7D/wKhQxVg7gLGEXNNYAAAAAFv2L-0779.jpg..220x220a.jpg
"['工程机械', '起重机械']",挖掘机械,挖土机,三一C9系列SY850H-8挖土机 85吨挖土机 挖土机品牌 挖土机图片 挖土机价格 挖土机 买国产挖土机选三一, 50.0万/台,https://www.hc360.com/m7/M03/CD/79/wKhQpFchxsGER8llAAAAAF4W9Fc554.jpg..220x220a.jpg
"['工程机械', '起重机械']",挖掘机械,挖掘装载机,两头忙挖掘装载机QZ20-25 两头忙挖掘装载机 挖掘装载机价格, 8000.0 /台,https://www.hc360.com/k2/M0F/2A/7A/wKhQxWEbJ5uEUe31AAAAAKtvwls683.jpg..220x220a.jpg
"['家具家电', '家电设备']",厨卫电器,洗碗机,弘信洗碗机  洗碗机厂家 二手洗碗机回收 洗碗机报价 洗碗机图片, 1.2万/套,https://www.hc360.com/k1/M03/32/EE/G7j949e786960f768A1C13C8D60f8A27e69.jpg..220x220a.jpg
"['家具家电', '家电设备']",厨卫电器,电热水器,"供应广东电热水器,快热式电热水器，专业生产电热水器",0,https://www.hc360.com/m7/M04/7B/3B/wKhQo1dFpJWEAowcAAAAAEM-kq8110.jpg..220x220a.jpg
"['家具家电', '家电设备']",厨卫电器,燃气灶具,金雅典JZY-KG8022 灶具  燃气灶具, 2280 /台,https://www.hc360.com/m8/M0C/22/26/wKhQpWEEqn2EP3sCAAAAAKs7VUs058.jpg..220x220a.jpg
"['家具家电', '家电设备']",厨卫电器,换气扇,A旋鼎供应无动力换气扇 500无动力换气扇 600型无动力换气扇价格, 158 /台,https://www.hc360.com/k1/M0C/B7/6A/zbf6aaf97facb6dec54658dac4c7fc1687.jpg..220x220a.jpg
"['家具家电', '家电设备']",厨卫电器,排气扇,金光集团 排气扇 工业排气扇  大型工业排气扇, 300 /台,https://www.hc360.com/k2/M0C/93/E7/wKhQxV1cmvKEMeMTAAAAAJASO7I976.jpg..220x220a.jpg
"['家具家电', '家电设备']",厨卫电器,电热水龙头,电热水龙头温度控制板低压注塑模具及胶料, 5000 /套,https://www.hc360.com/m6/M01/80/BE/wKhQoWGLKxyETLCCAAAAAKtnexQ078.jpg..220x220a.jpg
"['家具家电', '家电设备']",厨卫电器,集成灶,供应：集成灶批发、K1000/诚招代理,0,https://www.hc360.com/g8/M09/BD/AA/wKhQtlPnkbKEEPMLAAAAAAy0RxA705.jpg..220x220a.jpg
"['家具家电', '家电设备']",厨卫电器,浴霸,   浴霸照明灯泡40W 浴霸灯泡R63反射浴霸照明灯泡 光暖浴霸, 1.8 /只,https://www.hc360.com/k1/M00/A4/AE/wKhQw12dLQWEAA8KAAAAABskZDU558.jpg..220x220a.jpg
"['家具家电', '家电设备']",家用电器,洗衣机,工业洗衣机 洗衣机 全自动洗衣机 半自动洗衣机, 8500 /台,https://www.hc360.com/k1/M0C/E8/A7/wKhQw1ioxkiEOGstAAAAAAYOM3c402.jpg..220x220a.jpg
"['家具家电', '家电设备']",家用电器,电视机,收购电视机IC  电视机IC回收, 520 /pcs,https://www.hc360.com/k1/M0A/0D/DC/j266c082F75D5B84497BB7D50364AB24082.jpg..220x220a.jpg
"['家具家电', '家电设备']",家用电器,液晶电视,55'液晶电视, 2688.0 /台,https://www.hc360.com/k2/M03/7F/40/wKhQxFoKZwyEeOUsAAAAAAt--lI455.jpg..220x220a.jpg
"['家具家电', '家电设备']",家用电器,空调,行间空调/例间空调/基站空调/精密空调/酒窖空调/实验室空调/机房空调, 2.0万/台,https://www.hc360.com/k1/M01/A0/A1/B3F317a8822f8e3ea334713fC6DDC68641D.jpg..220x220a.jpg
"['家具家电', '家电设备']",家用电器,冰箱,工业防爆冰箱防爆工业冰箱  华矿防爆冰箱, 3.6万/台,https://www.hc360.com/m6/M0B/19/0A/wKhQomEcZyiEc1wLAAAAAK8rVyY282.jpg..220x220a.jpg
"['家具家电', '家电设备']",家用电器,蛋糕柜,供应订做广州蛋糕柜，东莞蛋糕店直角蛋糕柜，南城蛋糕展示柜,0,https://www.hc360.com/g2/M07/2A/5B/wKhQulIVy4aET2FbAAAAAHcpM9g480.jpg..220x220a.jpg
"['家具家电', '家电设备']",家用电器,冷柜,供应裕菱商用冷柜，四门冷柜，广东冷柜，商用冷藏柜，冷柜，冷柜厂家, 6669 /台,https://www.hc360.com/m7/M03/BA/27/wKhQpFVe81CEZNBnAAAAAPxS2xU410.jpg..220x220a.jpg
"['家具家电', '家电设备']",家用电器,烘干机,中州机械烘干机 膨润土烘干机 河沙烘干机 烘干机厂家 保证, 10.0万/台,https://www.hc360.com/k2/M05/0A/DC/wKhQxFdzJa6EAS2KAAAAAIS8UmI515.jpg..220x220a.jpg
"['家具家电', '家电设备']",家电配件,线路板,定制工厂线路板工厂，pcb线路板生产，线路板工厂, 6.66 /PCS,https://www.hc360.com/k1/M00/04/8D/iVJ590908d2d51837BCdAd085627Cd18429.jpg..220x220a.jpg
"['家具家电', '家电设备']",家电配件,温控器,Elsonic/亿林R8300 采暖温控器 地暖温控器 墙暖温控器 电采暖温控器,0,https://www.hc360.com/k2/M0F/0C/AA/9I53EFCC9A36FD18948F6B1C58552D3547.jpg..220x220a.jpg
"['家具家电', '家电设备']",家电配件,热保护器,KW热保护器 热保护器价格 KW热保护器厂家, 1.3 /个,https://www.hc360.com/k3/M06/77/8B/wbAf17b09a1b76f543C5aE77359CD9625b6.jpg..220x220a.jpg
"['家具家电', '家电设备']",家电配件,接插件,日丰 接插件 连接器接插件, 0.1 /个,https://www.hc360.com/m3/M06/09/2B/wKhQ5lT5wfeEL43IAAAAAHvKf-0073.jpg..220x220a.jpg
"['家具家电', '家电设备']",家电配件,控制板,天津伯纳德     JDIDL-A 原装控制板  信号控制板  成套逻辑控制板, 1250 /块,https://www.hc360.com/k3/M03/F2/43/wKhQx19jD_aEKDq1AAAAALk0kvw750.jpg..220x220a.jpg
"['家具家电', '家电设备']",家电配件,散热风扇,供应恒利信6015散热风扇 变频器散热风扇 直流散热风扇 DC散热风扇,0,https://www.hc360.com/27/busin/161/570/l/l_27-161570907.JPG..220x220a.JPG
"['家具家电', '家电设备']",家电配件,遥控器,行吊遥控器 工业遥控器  遥控器远程遥控 操作简单, 260 /台,https://www.hc360.com/k3/M0B/B2/1F/LFc61770e61f573AA0ee6B042D36e0AA8B.jpg..220x220a.jpg
"['家具家电', '家电设备']",家电配件,点火器,威王VA-100 点火器家用点火器厨房用点火器户外用点火器, 22 /支,https://www.hc360.com/k2/M0E/0D/43/g5TFA33243D421ED884FED67E52222FD168.jpg..220x220a.jpg
"['家具家电', '家电设备']",影音电器,投影仪,投影仪跨境 家庭投影仪 家用投影仪 视频投影仪 投影仪家用, 1000.0 /台,https://www.hc360.com/k2/M09/D8/16/AWG9a6618aa9Ba476FF29770DE3F37a344a.jpg..220x220a.jpg
"['家具家电', '家电设备']",影音电器,多媒体音箱,JUSBE佳比   会议音箱XL-800  中小型会议音箱 专业音箱 多媒体音箱, 3261 /对,https://www.hc360.com/k3/M08/C0/61/wKhQx15u8YGEVmrFAAAAAOKAio0120.jpg..220x220a.jpg
"['家具家电', '家电设备']",影音电器,扩音机,【徽马】导游扩音机 声讯系统, 280 /个,https://www.hc360.com/k2/M0D/CB/6E/wKhQxFgapWyEGt2hAAAAAOOSY0g554.jpg..220x220a.jpg
"['家具家电', '家电设备']",影音电器,AV功放,思音HD-2250 两通道/多通道定阻/定压功放 广播专用功放，纯后级舞台包房功放，AV功放，数字扩声功放，会议专用功放, 2599 /台,https://www.hc360.com/k1/M08/97/67/kT4a2c38a07D71273917a3EDD0948a13cD.png..220x220a.png
"['家具家电', '家电设备']",影音电器,收音机,AM/FM/WB数调收音机 AKC6951W收音机集成电路 收音IC, 5 /片,https://www.hc360.com/k3/M03/AF/02/wKhQx13vDqqERmeAAAAAALG1YlY751.jpg..220x220a.jpg
"['家具家电', '家电设备']",影音电器,DVD机,供应步步高中机DVD, 96.0 /个,https://www.hc360.com/06/busin/911/192/b/06-91119216.jpg..220x220a.jpg
"['家具家电', '家电设备']",影音电器,家庭影院,大量 家庭影院座椅 礼堂 会场椅 家庭影院椅, 320 /个,https://www.hc360.com/k3/M0D/7F/C8/wKhQv1klob2EdRr8AAAAADUiQ10539.jpg..220x220a.jpg
"['家具家电', '家电设备']",影音电器,音箱,天声 时款音箱TB631 广播音箱  时款音箱  壁挂音箱  语音音箱     广播音箱 教室音箱  多用途音箱, 389 /只,https://www.hc360.com/k1/M0A/C9/23/wKhQw150yaCEPnuIAAAAADhgmrw723.png..220x220a.png
"['家具家电', '家电设备']",生活小家电,吸尘器,供应cleanwill/克力威XC15J吸尘器 北京吸尘器  超静音吸尘器 吸尘器 吸尘器厂家 公用吸尘器, 1.5万/台,https://www.hc360.com/k1/M03/D4/2F/wKhQw16lTnqEPK7uAAAAAMJU-7c632.jpg..220x220a.jpg
"['家具家电', '家电设备']",生活小家电,电熨斗,东莞供应 电熨斗跌落试验机 电熨斗跌落试验装置 电熨斗跌落测试仪, 2000 /台,https://www.hc360.com/k3/M0D/D3/1A/wKhQv18PvLiEUd8nAAAAANWM8DM164.jpg..220x220a.jpg
"['家具家电', '家电设备']",生活小家电,烘干器,烘干器|陕西烘干器|腾龙重工,0,https://www.hc360.com/k1/M00/5D/9E/wKhQw1eDQ4qEcledAAAAAHQduk8583.jpg..220x220a.jpg
"['家具家电', '家电设备']",生活小家电,水暖毯,国皓水暖毯主机 水暖毯厂家直营, 250 /件,https://www.hc360.com/k2/M08/32/65/wKhQxGEpoZuEIO8xAAAAAFTQ55U692.jpg..220x220a.jpg
"['家具家电', '家电设备']",生活小家电,饮水机,"饮水机弹簧,饮水机双扭簧,饮水机拉簧", 0.01 /个,https://www.hc360.com/m8/M04/B1/B4/wKhQpldIGzaEI10RAAAAADT6zrQ317.jpg..220x220a.jpg
"['家具家电', '家电设备']",生活小家电,开水器,商用开水器 即热式开水器 吧台式开水器 学校开水器 步进式开水器 无蒸汽开水器, 638 /台,https://www.hc360.com/m7/M05/18/75/2wi5d85646b883077d22b1dd8d039F2E4Ed.jpg..220x220a.jpg
"['家具家电', '家电设备']",生活小家电,电暖器,思密春 厂家热供 电暖器 恒温电暖器 家用节能电暖器, 360 /台,https://www.hc360.com/k1/M03/C9/3C/wKhQwF7bZ36ENTroAAAAADkqFQU165.jpg..220x220a.jpg
"['家具家电', '家电设备']",生活小家电,家用抽湿机,抽湿器家用 移动抽湿机 配电室抽湿机 秦, 1638 /件,https://www.hc360.com/k2/M0E/8F/AE/JDf3771fbb363ed8C5e50d1897e94b059A.JPG..220x220a.JPG
"['照明/LED', '户外照明']",LED显示屏,LED弧形屏,LED屏软模组 软屏 圆形屏幕 LED弧形屏 异形屏 合肥LED电子屏 包柱屏 室内弧形屏, 1000 /平方米,https://www.hc360.com/m7/M00/1A/69/wKhQpGFRQPmEd2fsAAAAAM0o0V8799.jpg..220x220a.jpg
"['照明/LED', '户外照明']",LED显示屏,LED幕墙屏,提供LED幕墙屏ce认证 ROHS认证 欧盟认可 包通关 助整改, 10 /个,https://www.hc360.com/k2/M0C/14/A3/wKhQxVghRsaEYmcKAAAAAJ32Ja4108.jpg..220x220a.jpg
"['照明/LED', '户外照明']",LED显示屏,LED屏,LED矩阵屏 LED波浪屏 会跳舞的led显示屏 智能LED旋转屏, 3888 /个,https://www.hc360.com/k1/M04/A0/AB/wKhQwF3vQLyEVJq8AAAAACcThv0138.jpg..220x220a.jpg
"['照明/LED', '户外照明']",LED显示屏,LED点阵屏,SYYP思音 无线手拉手数字会议系统单元SY-C6011（锂电池、点阵屏）, 1799 /套,https://www.hc360.com/k2/M01/DC/90/wKhQxFrf69SEJoa2AAAAAKtohsU283.jpg..220x220a.jpg
"['照明/LED', '户外照明']",LED显示屏,LED玻璃屏,户外LED透明显示屏 玻璃屏 幕墙屏, 6800 /平方米,https://www.hc360.com/m8/M0E/37/0A/wKhQpmF4xhqENEgsAAAAAKR-y64413.jpg..220x220a.jpg
"['照明/LED', '户外照明']",LED显示屏,LED幕帘屏,LED显示屏 LED显示屏厂家 LED显示屏价格 LED显示屏批发, 300 /平米,https://www.hc360.com/k3/M09/23/98/wKhQx2DlaeWEcUBTAAAAADYgeew373.jpg..220x220a.jpg
"['照明/LED', '户外照明']",LED显示屏,LED网格屏,亿帆光电 LED点光源屏 LED网格屏 led格栅屏 led像素屏 户外彩色LED柔性软屏批发, 3.5 /个,https://www.hc360.com/k1/M0A/30/D9/wKhQw2FEBRSEEx41AAAAAFrBD2o958.jpg..220x220a.jpg
"['照明/LED', '户外照明']",LED显示屏配件,LED显示衬板,出售煤仓阻燃尼龙衬板煤仓衬板 高分子聚乙烯衬板 pe衬板 可议价, 24 /千克,https://www.hc360.com/k2/M02/F1/F1/wK5ba79efca5f12401922bD4D8132e2e644.jpg..220x220a.jpg
"['照明/LED', '户外照明']",LED显示屏配件,LED显示屏底壳,LED显示屏 LED显示屏厂家 LED显示屏价格 LED显示屏批发, 300 /平米,https://www.hc360.com/k3/M09/23/98/wKhQx2DlaeWEcUBTAAAAADYgeew373.jpg..220x220a.jpg
"['照明/LED', '户外照明']",LED显示屏配件,LED显示屏控制系统,LED显示屏 LED显示屏厂家 LED显示屏价格 LED显示屏批发, 300 /平米,https://www.hc360.com/k3/M09/23/98/wKhQx2DlaeWEcUBTAAAAADYgeew373.jpg..220x220a.jpg
"['照明/LED', '户外照明']",LED显示屏配件,锁扣,"锁扣弹簧,一次性锁扣弹簧,密封锁扣弹簧", 0.01 /个,https://www.hc360.com/m7/M03/96/C3/wKhQpFdIHRmEDAadAAAAALOfH2c125.jpg..220x220a.jpg
"['照明/LED', '户外照明']",LED显示屏配件,模组,水下防水滑台模组、潜水防水滑台模组、深水防水滑台模组、防水滑台模组, 9.85万/台,https://www.hc360.com/m6/M01/2A/03/X22585c4907116b430D5651ccFcb08b624.jpg..220x220a.jpg
"['照明/LED', '户外照明']",LED显示屏配件,PCB板,深圳pcb板 六层PCB板   多层pcb板 专业pcb打样 PCB板生产厂家 【实力厂家，欢迎咨询】, 1.6 /PCS,https://www.hc360.com/m7/M0D/5D/A3/P726BD9A8DCCD8D8ECAD90287DABE97785.png..220x220a.png
"['照明/LED', '户外照明']",LED显示屏配件,LED单元板,德懋1388 ；1588 ；2388供应LED单元板_1 LED显示屏单元板 全彩单元板, 90.0 /个,https://www.hc360.com/m6/M04/1B/60/wKhQomFBS3-EF2VfAAAAAIP15l4370.jpg..220x220a.jpg
"['照明/LED', '户外照明']",LED显示屏配件,LED模块,广州明慧 BU-LED-MH 显微镜荧光模块 显微镜led荧光光源 双色荧光模块设计, 1.5万/台,https://www.hc360.com/k1/M0C/25/75/2SYb3501185b1727D25C2b6A82b96Ab5E8C.jpg..220x220a.jpg
"['照明/LED', '户外照明']",户外照明,LED路灯,批发销售LED路灯 户外LED路灯 小区LED路灯 双臂LED路灯 高低臂LED路灯 厂家直供 可来样加工, 880.0 /套,https://www.hc360.com/k2/M0F/3B/7C/wKhQxWKq0H-EM1f0AAAAAFjEBOc965.jpg..220x220a.jpg
"['照明/LED', '户外照明']",户外照明,草坪灯,广深照明 草坪灯 公园草坪灯 小区草坪灯 草坪灯厂家, 85 /个,https://www.hc360.com/k3/M0D/1D/FE/wKhQv2HvrPeETdDPAAAAAEDHIZ0691.jpg..220x220a.jpg
"['照明/LED', '户外照明']",户外照明,玉兰灯,玉兰灯 玉兰灯厂 玉兰灯现货  实力大厂，快速发货, 1500.0 /套,https://www.hc360.com/k3/M02/12/D5/ynb4777731bf9DD0E16DDA2936D9f30A89.jpg..220x220a.jpg
"['照明/LED', '户外照明']",户外照明,LED庭院灯,仿古庭院灯 led庭院灯 led 太阳能灯庭院灯, 950 /只,https://www.hc360.com/k1/M00/C3/E9/wKhQwFgtsgqEEIFgAAAAANojcVs770.jpg..220x220a.jpg
"['照明/LED', '户外照明']",户外照明,LED线条灯,迪日照明 LED线条灯 条型线条灯 线条灯厂家, 55 /个,https://www.hc360.com/m6/M0F/7A/F9/r3e415eA4C18194B818FA0e68592787e41.jpg..220x220a.jpg
"['照明/LED', '户外照明']",户外照明,LED射灯,亮府LYSD珠宝柜台射灯 LED小柜台万向角度射灯 聚光展示LED射灯 暖光 白光LED展示小射灯 彩光射灯 射灯LED, 65 /个,https://www.hc360.com/m7/M08/5A/26/wKhQo2FBd0-EAXNFAAAAAASSOSk191.JPG..220x220a.JPG
"['照明/LED', '户外照明']",户外照明,LED吸顶灯,全铜吸顶灯 LED圆形吸顶灯 家用门厅阳台纯铜吸顶灯 卧室过道吸顶灯, 368 /套,https://www.hc360.com/m6/M04/7F/23/wKhQoWFpQU6EeTqCAAAAABUaiWY827.jpg..220x220a.jpg
"['照明/LED', '户外照明']",户外照明,LED走廊灯,自贡彩灯工厂走廊灯柱通道LED灯旅游景点布置公园布置免费设计批发, 2200.0 /个,https://www.hc360.com/k2/M00/D1/82/qR8ea834e0535Be60C28eeD6a0129e993e.jpg..220x220a.jpg
"['照明/LED', '户外照明']",景观照明,庭院灯,庭院灯 庭院灯批发 LED庭院灯 景观庭院灯 仿古庭院灯 中式庭院灯 户外庭院灯 可定制, 488 /套,https://www.hc360.com/m7/M05/62/3E/wKhQo2IQv2mEbQ8MAAAAAABErVs905.jpg..220x220a.jpg
"['照明/LED', '户外照明']",景观照明,洗墙灯,迪日照明 LED洗墙灯 洗墙灯厂家 洗墙灯批发, 58.0 /个,https://www.hc360.com/m7/M0D/59/2C/iPyC68D79DB150F1FF0B148F743D23F949F.jpg..220x220a.jpg
"['照明/LED', '户外照明']",景观照明,地埋灯,【热卖】圆形地埋灯 LED地埋灯 广场地埋灯 低压地埋灯 24伏LED地埋灯 防水LED地埋灯 圆形LED地埋灯照明, 65 /套,https://www.hc360.com/k2/M02/14/C9/wKhQxWBB65mEe8kaAAAAAJfY8bU770.JPG..220x220a.JPG
"['照明/LED', '户外照明']",景观照明,地砖灯,四两 太阳能地砖灯 市政公园广场LED地砖灯 太阳能景观地砖灯, 820 /套,https://www.hc360.com/m7/M05/21/5B/4BM06744b01D25ADD6b73A766AF183C8441.jpg..220x220a.jpg
"['照明/LED', '户外照明']",景观照明,水底灯,迪日照明2021 水底灯、喷泉灯、水底灯厂家, 35.0 /个,https://www.hc360.com/m8/M08/2B/63/wKhQpmDRTxuEUN-IAAAAAGqMUQ8680.jpg..220x220a.jpg
"['照明/LED', '户外照明']",景观照明,泛光灯,恒泰15LED泛光灯 户外LED投光灯泛光灯 工地应急照明泛光灯, 89 /台,https://www.hc360.com/k2/M0F/36/F0/wKhQxGGKGWaEad7RAAAAAB3Mxvs144.jpg..220x220a.jpg
"['照明/LED', '户外照明']",景观照明,LED投光灯,供应LED投射灯 LED投光灯 金卤投光灯 模组投光灯外壳 集成投光灯, 138 /套,https://www.hc360.com/k1/M03/1F/2E/wKhQw1l-9teEEC2AAAAAABgAtcQ460.JPG..220x220a.JPG
"['照明/LED', '户外照明']",景观照明,灯串,供应12V12MM绿光外露灯串 贴片5050广告灯串 穿孔字灯串 LED外露灯串 LED灯串 led外露灯串, 0.83 /pcs,https://www.hc360.com/k3/M03/E0/F1/wKhQx1sgtWmET7iBAAAAALwHwic537.jpg..220x220a.jpg
"['照明/LED', '户外照明']",LED照明配件,LED灯罩,LED三防灯灯罩外壳，工厂研发、设计、生产日光灯灯罩、硬灯条灯罩、扩散灯罩、三防灯灯罩, 1.9 /米,https://www.hc360.com/k3/M0E/BF/E7/wKhQx15rUwqEKsZ0AAAAALDxluM706.jpg..220x220a.jpg
"['照明/LED', '户外照明']",LED照明配件,LED底座,批发定制实木灯饰底座 木质led灯座 榉木台灯底座 木质长方形木底座, 6.5 /个,https://www.hc360.com/k2/M00/EE/7C/wKhQxV89OxyET1efAAAAAA0AiJg590.jpg..220x220a.jpg
"['照明/LED', '户外照明']",LED照明配件,LED扩散板,德州武城厂家生产 欣琪 洁净室扩散板 医药扩散板 送风口扩散板 净化空调扩散板, 24.0 /件,https://www.hc360.com/k3/M09/60/D5/oj7E20F7B916F204E28F1018B12CAAF078.jpg..220x220a.jpg
"['照明/LED', '户外照明']",LED照明配件,LED连接件,护栏固定连接件 护栏围栏连接件 拐角连接件 凯仕达, 8.0 /个,https://www.hc360.com/m7/M0B/59/96/hG79474c0ba9058044DbE9cD7b17F42F03E.jpg..220x220a.jpg
"['照明/LED', '户外照明']",LED照明配件,触发器,供应移相触发器！！虹润供应OHR-TR00单相移相触发器 三相移相触发器, 330 /台,https://www.hc360.com/k3/M0D/52/65/wKhQx1e-P46EGWRGAAAAAKkOpNQ261.jpg..220x220a.jpg
"['照明/LED', '户外照明']",LED照明配件,灯柱,四川自贡华亦彩 led灯柱彩灯柱生产厂家节日彩灯柱, 2200.0 /个,https://www.hc360.com/k3/M06/BE/00/wKhQv16qOOqEF5n3AAAAAEROJz4342.jpg..220x220a.jpg
"['照明/LED', '户外照明']",LED照明配件,灯管,泉城LED灯管 济南LED灯管  灯泡厂LED灯管  T8LED灯管 顶美LED灯管, 4 /只,https://www.hc360.com/k3/M0C/67/7C/BQp7bbab2e4362d006840CF90649071F555.jpg..220x220a.jpg
"['照明/LED', '户外照明']",LED照明配件,散热器,散热器SRZ20*10（D）荣德, 4300 /台,https://www.hc360.com/k2/M07/10/59/wKhQxWAY7RyENlxfAAAAAAes04Y838.png..220x220a.png
"['橡塑涂料', '涂装设备']",表面处理,除锈剂,除锈剂厂家 供应金属除锈剂 中性除锈剂 环保除锈剂 钢筋除锈剂批发, 270.0 /桶,https://www.hc360.com/k3/M01/EE/64/DB40531D4B5F14823CF179879352629C64.jpg..220x220a.jpg
"['橡塑涂料', '涂装设备']",表面处理,除油剂,除油剂厂家    除油剂价格     除油剂     除油剂, 12.0 /公斤,https://www.hc360.com/k2/M02/12/D9/bG48e071168f723a3c15f6a1e92e57D12DD.jpg..220x220a.jpg
"['橡塑涂料', '涂装设备']",表面处理,缓蚀剂,【鑫美源化工】缓蚀剂原理 阻垢缓蚀剂厂家 酸雾缓蚀剂 高温缓蚀剂报价 水性缓蚀剂, 3 /公斤,https://www.hc360.com/k1/M09/CE/8F/We6eccd33ee1Be685368F39Fc27700c545.jpg..220x220a.jpg
"['橡塑涂料', '涂装设备']",表面处理,脱脂剂,脱脂剂供应 脱脂剂批发 脱脂剂价格, 15 /桶,https://www.hc360.com/k1/M0D/6F/CC/p5ddbEEFEb879EbbFEFA12FF9704146C55.jpg..220x220a.jpg
"['橡塑涂料', '涂装设备']",表面处理,钝化剂,昌源供应 CY-302 酸洗钝化剂 不锈钢钝化剂 金属钝化剂 原色钝化剂 蓝白钝化剂, 22.0 /公斤,https://www.hc360.com/k1/M01/18/0A/lnrac201fc43fa52B6D49E0973Ba01EB3ff.jpg..220x220a.jpg
"['橡塑涂料', '涂装设备']",表面处理,皮膜剂,无磷皮膜剂配方无磷皮膜剂成分无磷皮膜剂分析禾川化学供, 5000 /件,https://www.hc360.com/k2/M07/8A/44/P4pb0d0805d5fdf87C06b0245434fA40E69.jpg..220x220a.jpg
"['橡塑涂料', '涂装设备']",表面处理,表面前处理液,奥美伦SF-5278 褪膜剂   去除阳极氧化膜 其他表面前处理液,0,https://www.hc360.com/m6/M0F/67/F0/wKhQoVcVgRCEE2yzAAAAAIsAmPE096.JPG..220x220a.JPG
"['橡塑涂料', '涂装设备']",涂装设备,喷涂机,喷涂机，喷涂机生产 安源喷涂机 厂家安源喷涂机,0,https://www.hc360.com/m7/M04/DB/9B/wKhQpFYfYC-EQ4RuAAAAAAmJa_Q347.jpg..220x220a.jpg
"['橡塑涂料', '涂装设备']",涂装设备,烤漆房,烤漆房 汽车烤漆房 家具烤漆房 高温烤漆房 定做各种无尘喷漆烤漆房设备, 2.8888万/台,https://www.hc360.com/k2/M02/58/30/wKhQxVx-enWEcQr1AAAAAGObsrk720.jpg..220x220a.jpg
"['橡塑涂料', '涂装设备']",涂装设备,喷漆柜,科辉ZP-KH 干式喷漆柜 环保喷漆柜 喷漆柜 漆雾喷漆柜 家具干式喷漆柜, 5500.0 /台,https://www.hc360.com/k2/M0D/09/C2/X5Z23cfd7997f42de535326B634A6d38cdf.jpg..220x220a.jpg
"['橡塑涂料', '涂装设备']",涂装设备,脱漆机,EM-12B漆包线脱漆机、铝线脱漆机、铜线脱漆机, 12.0万/套,https://www.hc360.com/m6/M0A/65/BC/wKhQoVYDSKuESYb9AAAAABPGXFo506.jpg..220x220a.jpg
"['橡塑涂料', '涂装设备']",涂装设备,滚筒刷,   迷你滚筒刷  小边角滚筒刷   辅料滚筒刷, 0.6 /把,https://www.hc360.com/k2/M0B/82/DA/wKhQxV0dbFWET1S3AAAAAJ7i_ic223.png..220x220a.png
"['橡塑涂料', '涂装设备']",涂装设备,涂布机,涂布机｜涂布机｜辊式涂布机｜自动涂布机｜双面涂布机｜沃盛,0,https://www.hc360.com/k1/M0C/27/59/wKhQw1djH5GEITBiAAAAAJt4B4g079.jpg..220x220a.jpg
"['橡塑涂料', '涂装设备']",涂装设备,涂膜机,海富达型号:SX36-AFA-V库号：M221400 自动涂膜机/微型自动涂膜机 （配真空涂布）, 1.28万/台,https://www.hc360.com/k3/M0F/23/66/lo2568f9f4e264a3D2746a169173fC0C45.jpg..220x220a.jpg
"['橡塑涂料', '涂装设备']",涂装设备,涂装机,涂装机器人5KG，涂装机器人5KG厂家，涂装机器人5KG价格, 3.2万/个,https://www.hc360.com/m6/M06/53/83/wKhQoVcUsAiEXJE7AAAAALM9mq8079.jpg..220x220a.jpg
"['橡塑涂料', '涂装设备']",工程/改性塑料,树脂,国产CPP氯化聚丙烯树脂 CPP 苯溶 酯溶 CPP氯化聚丙烯 树脂 质量优异 现货批发 量大从优 价格美丽, 45 /公斤,https://www.hc360.com/k1/M03/D2/17/wKhQwF8GhdmEe1pwAAAAAM6lP78479.jpg..220x220a.jpg
"['橡塑涂料', '涂装设备']",工程/改性塑料,PVC,pvc板 pvc硬板 pvc板厂家 pvc硬板厂家 PVC透明板 定制 PVC折弯 PVC雕刻 PVC板加工, 10 /件,https://www.hc360.com/k3/M03/2A/22/wKhQx2FAhsOESMAbAAAAAA0X0u8495.png..220x220a.png
"['橡塑涂料', '涂装设备']",工程/改性塑料,酚醛树脂,    酚醛树脂2130 热固性酚醛树脂 磨具用酚醛树脂, 8.5 /千克,https://www.hc360.com/k2/M0D/DA/F4/wKhQxF63imeEMVaiAAAAADwT5Ms395.jpg..220x220a.jpg
"['橡塑涂料', '涂装设备']",工程/改性塑料,氟塑料,氟塑料制品―氟塑料制品生产规格全―氟塑料制品价格友邦, 29.0 /千克,https://www.hc360.com/k1/M00/3A/D1/wKhQwFehEMiEWf6GAAAAAK6qjnM322.jpg..220x220a.jpg
"['橡塑涂料', '涂装设备']",工程/改性塑料,尼龙PA,衡水金轮 尼龙pa pa尼龙 尼龙pa再生料 pa尼龙料 pa尼龙塑料, 1.6万/吨,https://www.hc360.com/k2/M03/00/CE/RO2e738993533A295B4373585eeDBF1AA8F.jpg..220x220a.jpg
"['橡塑涂料', '涂装设备']",工程/改性塑料,改性塑料,上海回收橡胶改性塑料, 2.0万/吨,https://www.hc360.com/m8/M09/30/85/wKhQpmEQgOqEQ53UAAAAAEsEkMc750.jpg..220x220a.jpg
"['橡塑涂料', '涂装设备']",工程/改性塑料,ABS,ABS塑料 盛禧奥ABS 555 低光泽ABS 挤出注塑级ABS 耐热ABS, 27 /公斤,https://www.hc360.com/k1/M0C/F4/F7/IO991C9658499A5085C2F1A2AE73CE63C9.JPG..220x220a.JPG
"['橡塑涂料', '涂装设备']",工程/改性塑料,聚苯醚PPO,聚苯醚(PPO) 配方聚苯醚(PPO) 分析聚苯醚(PPO), 5000 /件,https://www.hc360.com/k1/M08/7A/4D/KWVB709A89C258213780E0084416C48E981.jpg..220x220a.jpg
"['橡塑涂料', '涂装设备']",合成橡胶,丁苯橡胶,现货 SBS 丁苯橡胶 热塑性丁苯橡胶 量大优惠, 16 /公斤,https://www.hc360.com/k1/M00/36/38/wKhQw1vemL6EGyCGAAAAAIZISUk514.jpg..220x220a.jpg
"['橡塑涂料', '涂装设备']",合成橡胶,乙丙橡胶,乙丙橡胶,0,https://www.hc360.com/21/busin/157/619/l/l_21-157619751.jpg..220x220a.jpg
"['橡塑涂料', '涂装设备']",合成橡胶,液态聚硫橡胶,液态聚硫橡胶、追求进步，服务行业、液态聚硫橡胶, 1.68万/吨,https://www.hc360.com/k3/M00/3D/81/wKhQx2LSZFuEBImjAAAAAELxHQ0471.jpg..220x220a.jpg
"['橡塑涂料', '涂装设备']",合成橡胶,三元乙丙橡胶,三元乙丙橡胶板，三元乙丙橡胶板厂家，三元乙丙橡胶板供应, 170.0 /米,https://www.hc360.com/k2/M07/FF/3D/wKhQxFszO-yEHomZAAAAADfUdqo777.jpg..220x220a.jpg
"['橡塑涂料', '涂装设备']",合成橡胶,聚氨酯橡胶,聚氨酯橡胶、向绿色、高科目标迈进、聚氨酯橡胶, 1.68万/吨,https://www.hc360.com/m8/M0B/34/2E/wKhQpWK2tg2EBricAAAAAJ2qDL4064.jpg..220x220a.jpg
"['橡塑涂料', '涂装设备']",合成橡胶,丁晴胶,天向供应 耐油耐腐蚀丁晴胶橡胶条 耐磨耐腐蚀丁晴胶密封条 可定做, 6.5 /米,https://www.hc360.com/k1/M0F/A0/86/hjdf43E9973829377fCC0B0AC6C578B5C4.jpg..220x220a.jpg
"['橡塑涂料', '涂装设备']",合成橡胶,乳胶,【福维白乳胶】三华白乳胶 低价高固型白乳胶 家装白乳胶 量大从优！, 8 /千克,https://www.hc360.com/k2/M03/2A/D9/wKhQxVhOCqSEJ7ofAAAAAGE3ogM514.png..220x220a.png
"['橡塑涂料', '涂装设备']",合成橡胶,橡胶,橡胶软接头厂家	可曲挠橡胶接头  法兰橡胶软接头  橡胶软接头 橡胶接头, 80 /件,https://www.hc360.com/k1/M06/9C/DC/wKhQw1hjdLSEau9DAAAAAElIbuw145.jpg..220x220a.jpg
"['橡塑涂料', '涂装设备']",塑料、橡胶制品,止水条,腻子止水条-黑色止水条-止水条- 橡胶止水条- 膨胀止水条 -背贴式止水条 -遇水膨胀止水条, 1.9 /米,https://www.hc360.com/k1/M02/F0/7C/2a37bfc6f78EDAE730E1E69900696f6f25.png..220x220a.png
"['橡塑涂料', '涂装设备']",塑料、橡胶制品,喷砂胶管,【喷砂胶管】景县喷砂胶管  欧威喷砂胶管  喷砂胶管价格  喷砂胶管厂家, 12 /根,https://www.hc360.com/k2/M02/A0/70/Qjecebf0177912A0AADb042ebA0b691506.png..220x220a.png
"['橡塑涂料', '涂装设备']",塑料、橡胶制品,绝缘胶板,河北宇特长期供应绝缘胶板、 绿色绝缘胶板、 防静电绝缘胶板、电力橡胶板、10kv绝缘胶板, 9.6 /公斤,https://www.hc360.com/k2/M04/5B/C1/wKhQxFeyd-2EUJw8AAAAAPeYQ20369.jpg..220x220a.jpg
"['橡塑涂料', '涂装设备']",塑料、橡胶制品,气芯膜,景泰  橡胶充气芯膜  八角充气芯膜  橡胶堵水气囊 厂家供应, 700 /套,https://www.hc360.com/k2/M08/2C/8F/wKhQxWE5vlqEA3C9AAAAAEnCyH0899.jpg..220x220a.jpg
"['橡塑涂料', '涂装设备']",塑料、橡胶制品,滚塑容器,50吨大型滚塑容器  50立方塑料水桶  耐酸碱PE储罐, 3.2万/个,https://www.hc360.com/m7/M09/1E/48/wKhQpGGhh_eEGL0TAAAAAH_Dzw8106.jpg..220x220a.jpg
"['橡塑涂料', '涂装设备']",塑料、橡胶制品,塑胶外壳,供应C111塑胶外壳 新能源塑胶外壳,0,https://www.hc360.com/k2/M0F/7E/17/wKhQxV0LWdWEQ8LVAAAAANP8vQw119.jpg..220x220a.jpg
"['橡塑涂料', '涂装设备']",塑料、橡胶制品,胶管,【神方】 高压钢丝编织胶管  缠绕胶管 橡胶管   胶管  钢丝胶管  高压胶管, 25 /米,https://www.hc360.com/k1/M0B/38/46/zf0238d5eB4045B24F9d492dC370805A7C.jpg..220x220a.jpg
"['空调采暖', '空调机组']",电采暖,暖风机,暖风机NF-3P柜式暖风机荣德 暖风机供应商, 2100 /台,https://www.hc360.com/m8/M04/0C/1F/wKhQpWATWaCEL68WAAAAAFULajs572.png..220x220a.png
"['空调采暖', '空调机组']",电采暖,电热毯,电热毯 工程电热毯 混凝土电热毯现货供应 工地电热毯量大优惠, 6 /平方米,https://www.hc360.com/k2/M09/2C/C4/VPy50dafb84c0ba830c6ba374dc99fa79c6.jpg..220x220a.jpg
"['空调采暖', '空调机组']",电采暖,电暖画,供应华烨华烨hy-800  碳晶电暖画碳纤维电暖器, 200 /片,https://www.hc360.com/k3/M08/3A/2D/wKhQv1mmhP-EYOJtAAAAAN7hTI0191.jpg..220x220a.jpg
"['空调采暖', '空调机组']",电采暖,电伴热带,日照销售电伴热带 消防电伴热带 电伴热带施工 电伴热带价格, 5 /米,https://www.hc360.com/k3/M0D/5B/6F/kuj10279841263c54223EF70E67603A4D0A.jpg..220x220a.jpg
"['空调采暖', '空调机组']",电采暖,电地暖,【电地暖厂家】节能电地暖 室内电地暖线 电地暖使用方便, 5 /米,https://www.hc360.com/k3/M0F/0E/25/r542a35fe983f300369D2869ea7D627e6B.jpg..220x220a.jpg
"['空调采暖', '空调机组']",电采暖,水地暖,丽水地暖挤塑板厂家_丽水地暖挤塑板采购_地暖挤塑板丽水厂家_安徽_江浙沪皖丽水地暖挤塑板供货商, 280 /立方米,https://www.hc360.com/k1/M02/68/F5/CC0a6f76347EC85faB915B166C5f19Ca0C.jpg..220x220a.jpg
"['空调采暖', '空调机组']",电采暖,取暖器,防爆取暖器 取暖器型号齐全 防爆取暖器使用环境, 7000.0 /个,https://www.hc360.com/m8/M00/10/3A/JA9ba6962bE91512DDDDCDFD9b7851DDa4.jpg..220x220a.jpg
"['空调采暖', '空调机组']",电采暖,地热,生产批发地热毡  地热棉  地热毡采购  地热毡价格  地热毡批发, 1.05 /平方米,https://www.hc360.com/k2/M09/77/A5/VSP60ce3b62e6cA36A8672e2602542400c0.jpg..220x220a.jpg
"['空调采暖', '空调机组']",采暖检测,超声波流量计,江苏 超声波流量计 智能超声波流量计 超声波流量计厂商, 1600 /台,https://www.hc360.com/m7/M03/EB/E0/i519e63071ee568f7f9D9880143D56e6CB.jpg..220x220a.jpg
"['空调采暖', '空调机组']",采暖检测,称重传感器,"微型称重传感器压力传感器小型称重传感器CZY平行梁称重传感器,称重传感器20kg200*200称重传感器.传感器", 45.0 /个,https://www.hc360.com/k2/M0D/02/88/Utp7e17dd12b186bb3b2206575AAd7F02C6.jpg..220x220a.jpg
"['空调采暖', '空调机组']",采暖检测,低温机, 空气能低温机, 1000 /台,https://www.hc360.com/k2/M0B/4C/BE/OQ4a0f51594a187E975B660Ca4582D083C.jpg..220x220a.jpg
"['空调采暖', '空调机组']",采暖检测,火焰检测器,BWZJ-43HT高架火炬火焰检测器远距离火焰检测器紫外线火焰检测器, 5500.0 /套,https://www.hc360.com/k1/M00/90/E6/bkJC22DC58E73631586A644C1AF820D4554.jpg..220x220a.jpg
"['空调采暖', '空调机组']",采暖检测,转子流量计,玻璃转子流量计 江苏玻璃转子流量计厂家 DN25转子流量计 dn25转子流量计报价, 10 /台,https://www.hc360.com/m6/M06/7D/EE/wKhQoVc2kwCEZJs9AAAAAPSlzXg932.jpg..220x220a.jpg
"['空调采暖', '空调机组']",采暖检测,气体腰轮流量计,乙烷气体腰轮流量计选型, 6000 /,https://www.hc360.com/k1/M0C/F6/7C/wKhQwF_hW86EQt_9AAAAACHlHXs151.jpg..220x220a.jpg
"['空调采暖', '空调机组']",采暖检测,插入式流量计,插入式电磁流量计厂家  流量计插入式 江苏插入式流量计报价 插入式流量计直销报价, 10 /台,https://www.hc360.com/k1/M0F/F1/9E/wKhQw186QESEHYN3AAAAAJiMv3k323.jpg..220x220a.jpg
"['空调采暖', '空调机组']",采暖检测,XMT智能压力显示仪表,XMT智能压力显示仪表 压力表 压力显示仪表 能压力显示仪表 厂家供应, 10 /台,https://www.hc360.com/k2/M0F/F5/7A/elae97809e82c216a468F3a366Dae927cc.jpg..220x220a.jpg
"['空调采暖', '空调机组']",锅炉,蒸汽锅炉,燃气蒸汽锅炉 燃气蒸汽锅炉燃气蒸汽锅炉燃气蒸汽锅炉燃气蒸汽锅炉燃气蒸汽锅炉型号齐全 锅炉厂家, 10.0万/个,https://www.hc360.com/k3/M07/30/CB/Hp8127E787F2420A9D9226D7DD79364903.jpg..220x220a.jpg
"['空调采暖', '空调机组']",锅炉,燃气锅炉,菏锅  环保燃气锅炉  燃气锅炉价格  锅炉燃气锅炉  宁波燃气锅炉  生产厂家, 1.6万/台,https://www.hc360.com/m8/M08/22/05/wKhQpmBwRAGEHOnNAAAAAPULRcY615.jpg..220x220a.jpg
"['空调采暖', '空调机组']",锅炉,热水锅炉,热水锅炉 华盛厂家批发 燃煤热水锅炉 供暖热水锅炉  常压热水锅炉, 1.5万/台,https://www.hc360.com/k3/M0A/ED/34/qVcf6b213ef8645Ce5082Cb37A23D9031f7.jpg..220x220a.jpg
"['空调采暖', '空调机组']",锅炉,焚烧炉,太康锅炉 焚烧炉 工业废气焚烧炉 小型焚烧炉  欢迎咨询, 2.8万/台,https://www.hc360.com/k3/M0B/21/84/If5a4c94b4c5ca77175c514c093bF845F9.jpg..220x220a.jpg
"['空调采暖', '空调机组']",锅炉,锅炉,恒德YLW系列导热油炉 锅炉除垢剂     , 7800 /台,https://www.hc360.com/k3/M0C/71/2A/IIf980EB94DBB3399A7f274995C68fC143.jpg..220x220a.jpg
"['空调采暖', '空调机组']",锅炉,熔炼炉,熔炼炉　小型熔炼炉 小中频熔炼炉 工业炉 熔炼炉, 5.5万/台,https://www.hc360.com/m8/M0D/AE/FD/wKhQpldP1UOENg7tAAAAAPgkr-o049.jpg..220x220a.jpg
"['空调采暖', '空调机组']",锅炉,热风炉,热风炉 热风炉价格 养殖热风炉 热风炉价格 热风炉厂家, 2800 /台,https://www.hc360.com/k2/M01/66/70/dh0a5fc7e99e2b1cae02D069abe777bfb2.jpg..220x220a.jpg
"['空调采暖', '空调机组']",锅炉,捞渣机,山西捞渣机山西电炉捞渣机山西熔炉捞渣机, 7.6万/台,https://www.hc360.com/k3/M08/F9/00/wKhQx1tfvmKEEahrAAAAAEBKZ_c006.jpg..220x220a.jpg
"['空调采暖', '空调机组']",散热器配件,弯头,万协弯头  弯头厂家 定制 批发   弯头  弯头批发, 12 /个,https://www.hc360.com/k3/M0F/D9/EF/wKhQv1r0-OOETYiEAAAAAFohiYI111.jpg..220x220a.jpg
"['空调采暖', '空调机组']",散热器配件,三通,聚丰三通 无缝焊接三通 三通厂家 美标三通, 6 /个,https://www.hc360.com/k2/M0B/F2/55/wKhQxFgdsy2Eb5iAAAAAAK39-YM896.jpg..220x220a.jpg
"['空调采暖', '空调机组']",散热器配件,钢管,河北钢管调直机_钢管调直机价格_钢管调直机批发, 1.2万/台,https://www.hc360.com/k2/M0C/C0/37/8C1c2f726f9625cD075B0A074E576E5D53.jpg..220x220a.jpg
"['空调采暖', '空调机组']",散热器配件,管帽,管帽 管帽厂家 管帽价格 管帽批发 管帽直销  安全可靠_交货及时, 35 /件,https://www.hc360.com/m7/M04/EC/F7/wKhQpF-7guiEA7GIAAAAAD4tnec335.jpg..220x220a.jpg
"['空调采暖', '空调机组']",散热器配件,翅片,融洋CPG 高频焊翅片管 翅片管 工业翅片管 大棚翅片管 镀锌翅片管 高频焊螺旋翅片管, 240 /根,https://www.hc360.com/k3/M0B/CE/C8/7zD665FAC03DCAA539E2C8BBFB471F1B19.jpg..220x220a.jpg
"['空调采暖', '空调机组']",散热器配件,堵头,【沧州】昊诚河北焊接堵头 沧州焊接堵头 孟村焊接堵头 盐山焊接堵头 厂家制造, 100 /件,https://www.hc360.com/k2/M0C/F4/E1/wKhQxFsXSXKEAU52AAAAAKpOgm8754.jpg..220x220a.jpg
"['空调采暖', '空调机组']",散热器配件,封头,【沧州】昊诚河北封头  沧州封头 盐山封头 孟村封头厂家生产制造, 10 /件,https://www.hc360.com/k2/M0F/C8/AC/MGDae1e917a53D351FDe3a4D7078219813F.jpg..220x220a.jpg
"['空调采暖', '空调机组']",散热器配件,片头,钢制片头二柱散热器 钢制片头二柱暖气片, 18 /片,https://www.hc360.com/m5/M05/C0/71/wKhQ6lUJTV-EBA7YAAAAAN5Drpc444.jpg..220x220a.jpg
"['空调采暖', '空调机组']",空调机组,环保空调,供应佛山科瑞莱节能环保空调　南海环保空调　三水环保空调, 3699.0 /台,https://www.hc360.com/g1/M03/5B/60/wKhQMVKqWs2EFflJAAAAAGWX_GY739.jpg..220x220a.jpg
"['空调采暖', '空调机组']",空调机组,精密空调,精密空调维修/精密空调故障维修/维谛精密空调维修, 5.0万/台,https://www.hc360.com/k2/M0F/2B/CA/x5BD88E1EB8D8AA969E03B4C6D9980DFD1.png..220x220a.png
"['空调采暖', '空调机组']",空调机组,机房空调,机房空调维修/维修机房空调/机房空调故障维修, 5.0万/台,https://www.hc360.com/k2/M0F/2B/CA/x5BD88E1EB8D8AA969E03B4C6D9980DFD1.png..220x220a.png
"['空调采暖', '空调机组']",空调机组,商用空调,宁波写字楼商用空调工程  宁波写字楼商用空调工程 宁波本地安装, 8.88万/平方米,https://www.hc360.com/m6/M00/84/D5/wKhQoWHinI6EPpCqAAAAAMw47zE999.jpg..220x220a.jpg
"['空调采暖', '空调机组']",空调机组,家用空调,外家用冷水设备家用汽车家用空调设备家用空调机清洗高压, 291.5 /台,https://www.hc360.com/k1/M02/81/DD/DXS0aeae16DD7F00D2FC6BF80F7CFeFC675.JPG..220x220a.JPG
"['空调采暖', '空调机组']",空调机组,水空调,新贵机电供应5匹水空调 水空调厂家 批发空调 空调扇 商用水空调, 3000 /台,https://www.hc360.com/k2/M0D/70/07/UIycb9fad47a68d18E9b659aa364a34ccc6.jpg..220x220a.jpg
"['空调采暖', '空调机组']",空调机组,表冷器,表冷器TL2000*1000*4荣德, 7100 /台,https://www.hc360.com/k3/M05/FD/23/wKhQv2AbXn6EVVkrAAAAAHTphr4213.jpg..220x220a.jpg
"['空调采暖', '空调机组']",空调机组,汽车空调,汽车空调系统解剖实训台汽车空调教学设备, 1.68万/台,https://www.hc360.com/k3/M07/2F/38/wKhQx2F88uGEbPW2AAAAAFinNco997.jpg..220x220a.jpg
"['汽配汽用', '车身配件']",车身及附件,车身附件,进口日野700驾驶室车身附件 下中网 HINO700GRIL, 88 /个,https://www.hc360.com/k3/M03/CC/E2/wKhQx1dxjRmEDO_0AAAAACHzU0w700.jpg..220x220a.jpg
"['汽配汽用', '车身配件']",车身及附件,汽车散热器,豪阳电子  插片散热器 汽车散热器 大功率冲压插片散热器插片散热器  插片式变频散热器电子散热器 汽车散热器, 15 /件,https://www.hc360.com/k2/M0C/E7/8B/D28c77ece39905719AeBBD0212B6e9ABAc.jpg..220x220a.jpg
"['汽配汽用', '车身配件']",车身及附件,安全气囊,矿用安全气囊 矿用安全气囊型号 矿用安全气囊产量, 2700.0 /罐,https://www.hc360.com/m6/M04/7D/5D/wKhQoWFESKCET_uJAAAAACcLtkA381.jpg..220x220a.jpg
"['汽配汽用', '车身配件']",车身及附件,密封条,发泡密封条 防尘密封条 密封条厂家 中泰密封, 2.5 /米,https://www.hc360.com/k3/M08/29/8A/wKhQx2E24NuESop8AAAAAGReGNM626.jpg..220x220a.jpg
"['汽配汽用', '车身配件']",车身及附件,车门锁,盈佳直供 153531 房车门锁 汽车扣锁 自卸车门锁 工业大型货车门锁 仓栏式车门锁    品质保证, 85 /支,https://www.hc360.com/k2/M0F/D2/2F/UFebe974c990774A1D7A8600e6A5770Aee.jpg..220x220a.jpg
"['汽配汽用', '车身配件']",车身及附件,倒车镜配件,凯迪拉克 灯倒车镜 花冠带灯倒车镜, 80 /副,https://www.hc360.com/m7/M0A/32/F1/wKhQo1c8arqEZiIOAAAAANAXTNQ113.jpg..220x220a.jpg
"['汽配汽用', '车身配件']",车身及附件,发动机罩,【徐工】 发动机罩 平地机发动机罩    可定制, 4000 /台,https://www.hc360.com/k1/M07/31/7F/wKhQwFgNxmOER1vpAAAAAAhGI9A929.jpg..220x220a.jpg
"['汽配汽用', '车身配件']",传动系统,传动轴,任丘力特瑞供应 传动轴 传动轴价格 传动轴厂家, 80 /个,https://www.hc360.com/k1/M0E/52/6F/XpFB495BD7020F49F5421292E35B43EE9A.jpg..220x220a.jpg
"['汽配汽用', '车身配件']",传动系统,离合器,东营离合器 超越离合器  超越离合器厂家 离合器加工 超越离合器加工 逆止器 双向逆止器 , 1.2 /个,https://www.hc360.com/k1/M02/07/C5/In7a927f63f952C46E2726aaB8f2648EfE.jpg..220x220a.jpg
"['汽配汽用', '车身配件']",传动系统,变矩器,853装载机变矩器总成 变矩器分体式机芯 龙工配件,0,https://www.hc360.com/k1/M01/9B/7F/A0B942719D5F67464CA4E6B20EDFABA14C1.jpg..220x220a.jpg
"['汽配汽用', '车身配件']",传动系统,阀体,良阀浅蓝对夹阀体, 88 /个,https://www.hc360.com/m7/M05/5A/4B/wKhQo2FC55uEOMF_AAAAANMRxK8461.jpg..220x220a.jpg
"['汽配汽用', '车身配件']",传动系统,分动箱,美国AxleTech分动箱, 1200 /,https://www.hc360.com/m8/M01/2A/6C/wKhQpmDDEtSEFi0WAAAAALEX0yY155.jpg..220x220a.jpg
"['汽配汽用', '车身配件']",传动系统,分离轴承,轴承 分离轴承 离合器分离轴承 离合器分离轴承厂家价实惠, 41 /个,https://www.hc360.com/k3/M03/FB/D3/I5pcf428e410B168fe756DAc85cec1A76c3.jpg..220x220a.jpg
"['汽配汽用', '车身配件']",传动系统,万向节,294万向节头 亿泽带伸缩节万向节头, 100.0 /件,https://www.hc360.com/m8/M0F/30/7F/wKhQpWJGXnWEEIrdAAAAAOozMkY545.jpg..220x220a.jpg
"['汽配汽用', '车身配件']",传动系统,驱动桥,云宇  供应 驱动桥  驱动桥厂家, 7400.0 /个,https://www.hc360.com/m7/M0B/D2/C3/wKhQo1cK-kWEEZ9wAAAAALp40-8793.jpg..220x220a.jpg
"['汽配汽用', '车身配件']",发动机系统,发动机,江铃发动机 顺达发动机 江铃货车发动机 江铃493发动机, 2600 /台,https://www.hc360.com/k1/M01/A2/12/LXB548d01dce7785ad35474B4335a119051.jpg..220x220a.jpg
"['汽配汽用', '车身配件']",发动机系统,活塞,活塞空压机机油 双活塞活塞机 低压活塞空压机 秦, 8225 /件,https://www.hc360.com/k2/M07/94/2C/vxc6bbc7efafa26f2a219D4Da5c5837a8f.JPG..220x220a.JPG
"['汽配汽用', '车身配件']",发动机系统,油嘴,油嘴 防滴漏油嘴 加油枪油嘴, 80.0 /个,https://www.hc360.com/k1/M0D/E5/C8/wKhQw1frbweEQJZLAAAAAOIvQDw465.jpg..220x220a.jpg
"['汽配汽用', '车身配件']",发动机系统,增压器,增压器 4hk1 增压器 进口增压器代理商 原装进口增压器 进口增压器批发商, 3000 /台,https://www.hc360.com/m6/M04/20/ED/wKhQomHDwlWEGi_gAAAAANNHUwk019.jpg..220x220a.jpg
"['汽配汽用', '车身配件']",发动机系统,内燃机,"金鑫GN70内燃机车GN70,内燃机型号,内燃机规格", 2800.0 /副,https://www.hc360.com/k1/M09/0B/CF/wKhQw1euicKEZhQUAAAAAOSO7GA813.jpg..220x220a.jpg
"['汽配汽用', '车身配件']",发动机系统,电阻,秦华ＲＸＨＧ1000Ｗ波纹电阻放电电阻吸收电阻负载电阻制动电阻, 99 /个,https://www.hc360.com/k3/M0A/59/C9/wKhQv1zRSHyEPumvAAAAAIJCMJs966.jpg..220x220a.jpg
"['汽配汽用', '车身配件']",发动机系统,涨紧轮,宇通配件 1025-00623涨紧轮支架 客车涨紧轮    , 90.0 /个,https://www.hc360.com/k1/M0E/F2/5E/wKhQw18-GJiEHz0wAAAAALjnFNo828.jpg..220x220a.jpg
"['汽配汽用', '车身配件']",发动机系统,轴瓦,宝马轴瓦 轴瓦大小瓦, 23 /组,https://www.hc360.com/k1/M0E/4A/6E/wKhQwFyOP86EWq8RAAAAAHBvbiE457.jpg..220x220a.jpg
"['汽配汽用', '车身配件']",制动系统,刹车片,《直销》刹车片 后刹车片 适用多车型的后刹车片, 50 /件,https://www.hc360.com/k1/M0F/1E/7B/wKhQw1dinJeEV4pvAAAAAIIQF60628.jpg..220x220a.jpg
"['汽配汽用', '车身配件']",制动系统,油水分离器,"润煤 油水分离器,油水分离器厂家,油水分离器现", 1800 /副,https://www.hc360.com/k1/M0F/4F/97/wKhQwFiCz-aEHb_XAAAAACZdruE875.jpg..220x220a.jpg
"['汽配汽用', '车身配件']",制动系统,摩擦片,离合摩擦片  摩擦片 齿式摩擦片 金能摩擦片, 31 /个,https://www.hc360.com/k3/M0C/D1/4E/129e0cd5eb8a3b033713226866d7eb08ec.jpg..220x220a.jpg
"['汽配汽用', '车身配件']",制动系统,摇臂,旋转摇臂喷头、可调摇臂喷头, 30 /套,https://www.hc360.com/k3/M0E/EC/AE/LCba5f1da1C7C848df6CE9764069f34aEE.jpg..220x220a.jpg
"['汽配汽用', '车身配件']",制动系统,制动阀,中煤 简易制动阀材质 简易制动阀生产商 制动阀规格 简易制动阀, 400.0 /台,https://www.hc360.com/m7/M01/09/D9/wKhQpGCCaeiEX7jYAAAAAPz-Fb4324.jpg..220x220a.jpg
"['汽配汽用', '车身配件']",制动系统,固定夹,电缆固定夹 电缆固定夹厂家电缆固定夹厂家电缆固定夹价格电缆固定夹供应, 6.9 /件,https://www.hc360.com/k2/M01/E9/31/Hc178b509acad2E435a072F1E21b991b019.jpg..220x220a.jpg
"['汽配汽用', '车身配件']",制动系统,齿圈,保质德 齿圈 125齿  内齿齿圈 大齿圈 内齿圈 齿圈定做 直齿圈 斜齿圈 外齿圈, 228 /件,https://www.hc360.com/k2/M0E/A4/B9/wKhQxFpXZfyEOj7mAAAAAEorzkc074.jpg..220x220a.jpg
"['汽配汽用', '车身配件']",制动系统,制动器,"鑫煤xm制动器,制动器厂家,制动器价格,制动器现货,制动器供应,制动器，制动器,制动器厂家,制动器价格,制动器现货,制动", 1400.0 /台,https://www.hc360.com/k2/M0C/AF/30/wKhQxFh1nnGEaCbXAAAAAE4AdnQ202.jpg..220x220a.jpg
"['汽配汽用', '车身配件']",汽车灯具,大灯,铃木奥拓大灯 前大灯 标配大灯, 75 /只,https://www.hc360.com/k3/M04/16/ED/wKhQv1dinr2EK2NAAAAAAKwYRXQ169.jpg..220x220a.jpg
"['汽配汽用', '车身配件']",汽车灯具,检修灯,HELLA检修灯户外照明灯露营灯维修灯检修灯摆摊灯地摊灯, 299 /个,https://www.hc360.com/k3/M0E/DA/B2/wKhQx17oNS2Eah9mAAAAAIx8_H4763.jpg..220x220a.jpg
"['汽配汽用', '车身配件']",汽车灯具,前照灯,金龙配件2361-00230组合前照灯 金龙客车大灯 原厂前照灯, 510.0 /个,https://www.hc360.com/m8/M05/02/62/wKhQpV_TC72EPeHhAAAAAGtXi_E272.jpg..220x220a.jpg
"['汽配汽用', '车身配件']",汽车灯具,尾灯,吉利后尾灯 汽车LED尾灯, 95 /件,https://www.hc360.com/k2/M04/16/E9/wKhQxVdindWEayEVAAAAAAmhp9o182.jpg..220x220a.jpg
"['汽配汽用', '车身配件']",汽车灯具,刹车灯,长安铃木刹车灯  车尾灯, 35 /件,https://www.hc360.com/k3/M04/16/ED/wKhQv1dinr2EK2NAAAAAAKwYRXQ169.jpg..220x220a.jpg
"['汽配汽用', '车身配件']",汽车灯具,转向灯,福特福克斯 后视镜转向灯, 120 /副,https://www.hc360.com/k2/M0E/9F/01/zG9cbfed1fccf639bc39A150f69c2db9c8.jpg..220x220a.jpg
"['汽配汽用', '车身配件']",汽车灯具,雾灯,刹车灯/转向灯/前雾灯/ 雾灯 LED防雾灯 多功能组合雾灯, 10000 /只,https://www.hc360.com/k1/M09/10/98/wKhQwFdinMyEAKyOAAAAAGoPY4I627.jpg..220x220a.jpg
"['汽配汽用', '车身配件']",汽车灯具,车顶灯,盛德通 江苏出租车顶灯 浙江出租车顶灯 轿车车顶灯 货车车顶灯 加装车顶灯  车顶灯改装 批发批量印字包邮 欢迎咨询, 688.0 /套,https://www.hc360.com/k1/M0A/2A/BE/2Ptded886c0e98AB63ed2e2B61c9A048A7e.png..220x220a.png
"['食品工业', '食品加工']",食品、饮料加工设备,米面机械,切断工序 米面机械, 2.6万/台,https://www.hc360.com/m8/M00/D2/F2/wKhQpVb8cl2EQSuGAAAAAHxtwGk112.jpg..220x220a.jpg
"['食品工业', '食品加工']",食品、饮料加工设备,磨浆机,三联磨浆机 六联磨浆机价格 全自动磨浆机厂家, 5500 /台,https://www.hc360.com/k1/M07/13/34/MMS543C8BFCBE97ACA65729858FD552A99D.jpg..220x220a.jpg
"['食品工业', '食品加工']",食品、饮料加工设备,打浆机,韭菜打浆机白菜打浆机菠菜打浆机油菜打浆机打浆机厂家打浆机设备南瓜打浆机冬瓜打浆机, 5500.0 /台,https://www.hc360.com/m8/M0C/17/33/wKhQpmA3QNaECdcFAAAAAL68pR0598.png..220x220a.png
"['食品工业', '食品加工']",食品、饮料加工设备,炒货机,"连续炒货机,西瓜子炒货机,炒货机", 2000 /台,https://www.hc360.com/k2/M02/DA/9D/syc744eeb98cA8bA55147b66e2b2c6AA2A.jpg..220x220a.jpg
"['食品工业', '食品加工']",食品、饮料加工设备,绞肉机,瑞和 绞肉机绞肉机价格电动绞肉机绞肉机厂家绞肉机定制, 1.3万/台,https://www.hc360.com/k2/M04/37/82/wKhQxGGSJeqEOkjxAAAAAA2FGf8932.jpg..220x220a.jpg
"['食品工业', '食品加工']",食品、饮料加工设备,油炸设备,炸元宵油炸设备，自动出料油炸机, 1.6万/台,https://www.hc360.com/m7/M04/49/14/wKhQpFc-vOKEDW5wAAAAALkOC5w010.jpg..220x220a.jpg
"['食品工业', '食品加工']",食品、饮料加工设备,面条机,旭众大型120型压面面条机，大型食堂专用面条机，鲜面条机，面条机厂家, 3.27万/台,https://www.hc360.com/k1/M0B/55/AC/wKhQw1hvSOmERi3iAAAAAOPaTGI985.jpg..220x220a.jpg
"['食品工业', '食品加工']",食品、饮料加工设备,调味机,圆盘调味机 自动调味机 调味机, 4800.0 /台,https://www.hc360.com/m8/M03/5E/1C/wKhQpVc-u2uEZWXUAAAAAIbOc0A787.jpg..220x220a.jpg
"['食品工业', '食品加工']",食品加工,制冰机,20吨制冰机 制冰机 制冰机, 10000 /台,https://www.hc360.com/k3/M0C/EA/AB/7cd832A712BCFAAA6C0d975EEB5C7d37FE.jpg..220x220a.jpg
"['食品工业', '食品加工']",食品加工,分离机,分离筛泥石分离机 移动泥石分离机 郑州泥石分离机质量可靠, 8.0万/台,https://www.hc360.com/k2/M05/32/CB/wKhQxGEwPUSEZ7LfAAAAAO3Mv10984.jpg..220x220a.jpg
"['食品工业', '食品加工']",食品加工,搅拌机,鑫三亚F型 搅拌机 液体搅拌机搅拌机搅拌机的价格搅拌机采购报价搅拌机采购, 5800 /台,https://www.hc360.com/k3/M06/E3/1F/wKhQv1sIpyyEAeFmAAAAAMrJi6E486.jpg..220x220a.jpg
"['食品工业', '食品加工']",食品加工,乳化机,"均质乳化机-实力厂家,量身定制化妆品智能设备解决方案", 7000 /个,https://www.hc360.com/m8/M04/32/6D/wKhQpWJ6EmGEPCVbAAAAANMPKhs957.jpg..220x220a.jpg
"['食品工业', '食品加工']",食品加工,榨汁机,榨汁机 西瓜榨汁机 果蔬榨汁机 大型螺旋榨汁机, 7100 /台,https://www.hc360.com/k1/M0B/93/7D/Ssw0258142156EE16D5C8B57FF92FBA9AEC.jpg..220x220a.jpg
"['食品工业', '食品加工']",食品加工,挤出机,立诺TPE 挤出机 塑料挤出机 塑料管挤出机 缠绕管挤出机, 1.8万/台,https://www.hc360.com/m7/M09/27/DE/wKhQpGKn_p2EQc4-AAAAAGgOWtk494.jpg..220x220a.jpg
"['食品工业', '食品加工']",食品加工,脱水机,供应塑料脱水机，立式脱水机，塑料加工脱水机, 3.68万/台,https://www.hc360.com/m6/M0B/71/2B/wKhQoVdMTnmEI7X2AAAAABRCYqg753.jpg..220x220a.jpg
"['食品工业', '食品加工']",食品加工,混合机,立诺LNXSJX 混合机 塑料混合机 高速混合机 塑料立式混合机  TPR混合机 PE塑料颗粒混合机, 7000 /台,https://www.hc360.com/m8/M07/05/94/wKhQpmKypbqEDtuVAAAAAC0gYBU310.jpg..220x220a.jpg
"['食品工业', '食品加工']",休闲食品,休闲零食,冻干咖啡设备 蔬菜低温冻干机 休闲零食真空冻干机厂家, 90.0万/台,https://www.hc360.com/k3/M00/1B/06/Lc83619dcBB55B689014BA8c7ddF40F6427.jpg..220x220a.jpg
"['食品工业', '食品加工']",休闲食品,饼干糕点,饼干糕点线 饼干糕点成型机 好质量的饼干机 饼干线 出口用饼干机 饼干糕点机, 8.0万/台,https://www.hc360.com/m3/M04/58/F5/wKhQ51S19kWEWAKdAAAAABJhc8s622.jpg..220x220a.jpg
"['食品工业', '食品加工']",休闲食品,焙烤食品,双城食品 复配膨松剂 焙烤食品膨化食品1公斤冷冻米面膨松剂, 25.0 /袋,https://www.hc360.com/m6/M0C/28/49/wKhQomKLQq-EAmMGAAAAANBsFXE685.jpg..220x220a.jpg
"['食品工业', '食品加工']",休闲食品,麻花,华矿麻花锚杆 麻花锚杆供应 麻花锚杆   价廉, 500.0 /个,https://www.hc360.com/k3/M07/51/6F/wKhQv1yxXvCEWm2yAAAAAFTLlDM303.jpg..220x220a.jpg
"['食品工业', '食品加工']",休闲食品,乳制品,乳制品残氧仪 乳制品残氧分析仪 厂家Labthink兰光, 1000 /台,https://www.hc360.com/k1/M09/1C/BC/wKhQwGFpEvOEfUozAAAAAMgK6MI962.jpg..220x220a.jpg
"['食品工业', '食品加工']",休闲食品,地方特色食品,阿牧特 半成品骨汤羊杂350g/袋 地方特色食品 冷冻产品 加热即食 羊肉类休闲美食, 15 /袋,https://www.hc360.com/m7/M06/3A/5A/ws5A543CBC45C48FDCB51D31A09B0F954C.jpg..220x220a.jpg
"['食品工业', '食品加工']",休闲食品,肉类零食,阿牧特 灯影羊肉丝 小肥羊食品休闲食品 肉类零食 熟制品 开袋即食, 16.0 /袋,https://www.hc360.com/k3/M05/1D/71/wKhQv2Hc-SOEIEO5AAAAAMN9OcM555.jpg..220x220a.jpg
"['食品工业', '食品加工']",休闲食品,锅巴,锅巴加工设备 锅巴生产线 油炸食品锅巴机械, 4.2万/台,https://www.hc360.com/m8/M0B/12/93/Jj684319A3FD1E338A92037BDE00059BF5.jpg..220x220a.jpg
"['食品工业', '食品加工']",休闲食品,面包,聚硕 食品级面包保鲜宝  面包保鲜宝价格 面包保鲜宝厂家 面包保鲜宝用途 面包保鲜宝, 55 /公斤,https://www.hc360.com/m7/M01/49/8B/wKhQo2B61B6EMiBeAAAAAC0iydk589.jpg..220x220a.jpg
"['食品工业', '食品加工']",休闲食品,蛋糕,聚硕 食品级蛋糕保鲜宝 蛋糕保鲜宝价格 蛋糕保鲜宝厂家 蛋糕保鲜宝用途 蛋糕保鲜宝, 55 /公斤,https://www.hc360.com/m7/M0D/49/8B/wKhQo2B61BiEYAiTAAAAADU-L-Q204.jpg..220x220a.jpg
"['食品工业', '食品加工']",休闲食品,糖果,塑料糖果长方形糖果8丝糖果, 0.02 /个,https://www.hc360.com/k1/M09/66/7D/wKhQw1f6AJKEfwi4AAAAAI8Ue0k464.jpg..220x220a.jpg
"['食品工业', '食品加工']",休闲食品,巧克力,   【巧克力棕】    巧克力, 120 /千克,https://www.hc360.com/k1/M05/9E/85/nY7D1F66115145124348E6A703B924FDD5.jpg..220x220a.jpg
"['食品工业', '食品加工']",休闲食品,薯片,成套薯片机，油炸薯片设备，半自动薯片薯条机械, 7.6万/套,https://www.hc360.com/m7/M05/06/70/wKhQo1dJRwaELwiWAAAAADHPA6Y265.jpg..220x220a.jpg
"['食品工业', '食品加工']",饮料,纯净水,纯净水设备 大型纯净水设备 纯净水设备价格  纯净水设备供应 纯净水设备生产商, 1.8万/台,https://www.hc360.com/k2/M0A/1B/4D/fqG2593010A61F5500FF6BC6CDBAF37EBBF.jpg..220x220a.jpg
"['食品工业', '食品加工']",饮料,饮用水,宜兴员工饮用水设备|宜兴饮用水制取设备|宜兴饮用水设备厂家, 5.6231万/套,https://www.hc360.com/g6/M08/D5/EA/wKhQsFQSi5eEY05hAAAAAN6me84109.jpg..220x220a.jpg
"['食品工业', '食品加工']",饮料,茶饮料,整套茶饮料生产设备 全自动茶饮料加工设备厂家, 1.26万/套,https://www.hc360.com/k1/M04/02/E9/wKhQwGBF5teESxUvAAAAAEPubw0771.jpg..220x220a.jpg
"['食品工业', '食品加工']",饮料,豆浆,豆浆浓度计 测量豆浆浓度 现货豆浆度计 现货包邮豆浆计, 190 /台,https://www.hc360.com/k1/M0B/00/A3/wKhQw1tAhd-EYttQAAAAAL4Syq4537.jpg..220x220a.jpg
"['食品工业', '食品加工']",饮料,功能饮料,整套功能饮料生产线 全自动功能饮料制作设备厂家, 28.0万/套,https://www.hc360.com/m8/M0D/0F/53/KE5e5cb73FA5bbF203864cc4e18AD6F723D.jpg..220x220a.jpg
"['食品工业', '食品加工']",饮料,果蔬汁,"佳和过滤JH-MZ系列果蔬汁膜分离设备,果蔬汁膜过滤机,果蔬汁澄清,果蔬汁除沉淀,果蔬汁澄明度高,重庆果蔬汁分离过滤厂家", 6.5万/套,https://www.hc360.com/k2/M06/38/32/wKhQxVjbgN6EDnNEAAAAADxzwxk424.jpg..220x220a.jpg
"['食品工业', '食品加工']",饮料,果汁,水果果汁榨汁挤压设备 可收汁果汁压榨机 西瓜汁火龙果汁压滤设备, 2.89万/台,https://www.hc360.com/k1/M07/D6/8A/iDZ470d949074b1b0625F899d16db6C5972.jpg..220x220a.jpg
"['食品工业', '食品加工']",饮料,花果茶,整套花果茶饮料生产设备 全自动花果茶饮料加工设备厂家, 1.26万/套,https://www.hc360.com/m7/M00/43/EE/wKhQo2BRlsyED2kfAAAAAM4tE08653.jpg..220x220a.jpg
"['食品工业', '食品加工']",饮料,咖啡,速溶咖啡/液态咖啡/冷萃咖啡生产中试线成套设备厂家-咖啡生产设备-咖啡膜过滤设备-咖啡膜浓缩设备价格, 8.6万/套,https://www.hc360.com/k2/M0A/3D/AD/wKhQxWLwZN6EDtCtAAAAAOG0uIc972.jpg..220x220a.jpg
"['食品工业', '食品加工']",饮料,绿茶,绿茶浓缩粉 可定制 水溶性 绿茶提取物厂家 绿茶粉, 90.0 /千克,https://www.hc360.com/m7/M0F/1C/84/sIf91479577F19D800C106BD8EEA12E51DD.jpg..220x220a.jpg
"['食品工业', '食品加工']",饮料,乳品,小型乳品饮料制作设备 全自动乳品饮料加工生产线厂家, 28.0万/套,https://www.hc360.com/k2/M06/18/1C/WR93f8576d9b226041Edb5E4b5dd2Eb42ff.jpg..220x220a.jpg
"['食品工业', '食品加工']",食品添加剂,乳化剂,现货 乳化剂 沥青乳化剂 NP-10 量大优惠 柴油乳化剂 工业乳化剂 乳化剂, 26.0 /公斤,https://www.hc360.com/k1/M02/E9/66/qmc27d66d13013094AcdA02B2E733883F9.jpg..220x220a.jpg
"['食品工业', '食品加工']",食品添加剂,防腐剂,聚硕饲料级防腐剂 防腐剂价格 防腐剂厂家 防腐剂用途 防腐剂, 19 /公斤,https://www.hc360.com/m6/M02/78/17/wKhQoWD5QaSEUZVHAAAAALWlrqc162.jpg..220x220a.jpg
"['食品工业', '食品加工']",食品添加剂,增稠剂,供应青虹801-D增稠剂、涂料增稠剂, 18 /公斤,https://www.hc360.com/k2/M02/35/4F/wKhQxVma2dGEX_EQAAAAAKeFJcY801.jpg..220x220a.jpg
"['食品工业', '食品加工']",食品添加剂,抗氧化剂,抗氧化剂、科技当先、质量为本、抗氧化剂, 1.68万/吨,https://www.hc360.com/m6/M0E/8C/76/wKhQoWK2rGGEB0eBAAAAACXxyFQ894.jpg..220x220a.jpg
"['食品工业', '食品加工']",食品添加剂,甜味剂,供应甜味剂 营养型甜味剂 饲料级甜味剂 量大从优 欢迎洽谈, 1.76万/吨,https://www.hc360.com/k2/M06/BF/02/nXaad1fdb866a7f165fdbf9ba4716C01547.jpg..220x220a.jpg
"['食品工业', '食品加工']",食品添加剂,漂白剂,供应云清牌木材漂白剂  漂白剂, 15 /公斤,https://www.hc360.com/k3/M0C/8C/8A/wKhQv1jlqSuEbhUkAAAAAJRqss0428.jpg..220x220a.jpg
"['食品工业', '食品加工']",食品添加剂,脱氧剂,供应 泓昌 铁合金脱氧剂 脱氧剂 金属脱氧剂 脱氧剂厂家 碳化硅脱氧剂 专业生产脱氧剂 新型炼钢脱氧剂,0,https://www.hc360.com/m6/M03/0A/F8/7m3a495939DD82B9D7D3478F489B117C7B.jpg..220x220a.jpg
"['食品工业', '食品加工']",食品添加剂,着色剂,着色混凝土着色剂|混凝土着色剂|彩色着色混凝土着色剂, 110 /千克,https://www.hc360.com/k1/M0D/CC/E2/wKhQwF7rHYyERP17AAAAAJqN6Bk785.jpg..220x220a.jpg
"['食品工业', '食品加工']",食品添加剂,保鲜剂,聚硕食品级蔬菜保鲜剂 蔬菜保鲜剂价格 蔬菜保鲜剂厂家 蔬菜保鲜剂用途 蔬菜保鲜剂, 48 /公斤,https://www.hc360.com/m7/M04/0E/FF/wKhQpGC3g3WEW3ldAAAAAEyFyys093.jpg..220x220a.jpg
"['办公文教', '耗材用品']",办公耗材,热敏打印机,打印机 朗科LP736X 打印机 热敏打印 针式打印台式热敏打印机, 378 /台,https://www.hc360.com/k3/M04/59/7D/wKhQx1yRnAGECBrPAAAAADu9NYE881.png..220x220a.png
"['办公文教', '耗材用品']",办公耗材,墨盒（水）,梦翔墨盒（水）适合惠普 HP302墨盒 DeskJet 1110 OfficeJet 4650墨盒, 50 /盒,https://www.hc360.com/m8/M0D/CC/C5/wKhQplcR41KEOmE-AAAAAO2pWkk363.png..220x220a.png
"['办公文教', '耗材用品']",办公耗材,碳粉,鑫源摩擦   焦碳粉 （煅烧） 焦碳粉 钢厂焦碳粉 焦炭颗粒 焦碳粉厂家 焦碳粉, 2000 /吨,https://www.hc360.com/k1/M07/7E/88/wKhQw1jLSfWEdywvAAAAANOFd4s363.jpg..220x220a.jpg
"['办公文教', '耗材用品']",办公耗材,硒鼓,hp 硒鼓 ，激光打印硒鼓 惠普HP LASERJET 201X 高印量品红色原装硒鼓, 800 /个,https://www.hc360.com/k3/M01/39/4D/wKhQx1m2kf6EdX4DAAAAANLhp4E226.png..220x220a.png
"['办公文教', '耗材用品']",办公耗材,色带,【恒为】打码机色带 生产日期色带 热转印打码色带 贴标机色带, 5 /卷,https://www.hc360.com/k2/M0A/FF/15/wKhQxFlbDOyEYsXcAAAAAAzdy00789.jpg..220x220a.jpg
"['办公文教', '耗材用品']",办公耗材,喷墨打印机,金谷田   UV数字喷墨打印机  KGT-4550, 6.9999万/台,https://www.hc360.com/k3/M0F/E9/15/wKhQv1-aW9aEHtCfAAAAAJyEhLI970.jpg..220x220a.jpg
"['办公文教', '耗材用品']",办公耗材,打印纸,苏州冠威打印纸厂家设计定做电脑打印纸 针式打印纸可印刷定制, 22 /箱,https://www.hc360.com/k3/M02/DF/62/wKhQv19V6LeEVQL1AAAAAFdzDkk568.jpg..220x220a.jpg
"['办公文教', '耗材用品']",办公耗材,胶带,供应PET蓝胶带  绿胶带  红胶带 黑色硅胶带, 6.8 /平方米,https://www.hc360.com/m7/M02/88/C8/wKhQo1bpFAKEKcM7AAAAAPEf_ZY503.jpg..220x220a.jpg
"['办公文教', '耗材用品']",笔类,中性笔,海平线0.5笔尖 按动中性笔 小可爱中性笔 卡通图中性笔 办公中性笔 黑墨中性笔, 0.7 /支,https://www.hc360.com/m7/M03/22/EB/OGl20fe08307D3601ABAfB18B596D8fDCAD.jpg..220x220a.jpg
"['办公文教', '耗材用品']",笔类,广告笔,《广告笔袋专家》尼龙防水三角形笔袋 礼品广告笔袋, 1.55 /个,https://www.hc360.com/k3/M02/B5/46/wKhQv1fOVOyEamNLAAAAAIoL_Zo760.jpg..220x220a.jpg
"['办公文教', '耗材用品']",笔类,毛笔,毛笔石雕广场景观雕塑, 8000 /个,https://www.hc360.com/k3/M0C/9C/C2/vF8e1ef0650CCA060D55855107e6A10352.jpg..220x220a.jpg
"['办公文教', '耗材用品']",笔类,激光笔,供应本鑫牌各种指星笔、激光笔、激光笔模组、外壳,0,https://www.hc360.com/m8/M05/F6/8D/wKhQplbH4XuET6bDAAAAAAVKCcs573.jpg..220x220a.jpg
"['办公文教', '耗材用品']",笔类,水彩笔,直销氧化铁染料料 水彩笔填充彩色染料 陶瓷填充颜料, 4000 /吨,https://www.hc360.com/k2/M04/0A/95/wKhQxFtRXp2EVy--AAAAAIENbrk344.jpg..220x220a.jpg
"['办公文教', '耗材用品']",笔类,水性笔,水性圆珠笔减压仪/笔芯减压仪、水性笔减压仪、水性笔减压机, 4000.0 /台,https://www.hc360.com/k3/M0C/79/AC/wKhQx10IjXGEcjVjAAAAADJBh0w699.jpg..220x220a.jpg
"['办公文教', '耗材用品']",笔类,荧光笔,斯塔荧光笔 荧光笔, 2.1 /支,https://www.hc360.com/g6/M01/89/46/wKhQr1PqBPaENHU8AAAAANdokaQ386.jpg..220x220a.jpg
"['办公文教', '耗材用品']",笔类,钢笔,诚招钢笔擦代理加盟   钢笔  橡皮擦, 0.1 /个,https://www.hc360.com/g1/M03/73/DD/wKhQMVHtBkaEATGlAAAAAB_4UAY063.jpg..220x220a.jpg
"['办公文教', '耗材用品']",办公收纳用品,文件架,移动档案文件架 手动密集书架 底图密集柜, 480 /立方米,https://www.hc360.com/m6/M06/1D/6D/wKhQomFpFdSEWIDEAAAAAKJ7SWQ673.png..220x220a.png
"['办公文教', '耗材用品']",办公收纳用品,板夹,河北驰威厂家    文件蝴蝶夹   办公板夹 点菜板夹  木板夹  夹板夹, 1.5 /个,https://www.hc360.com/k3/M0D/9E/05/Hg9790be85904817F9AAC58b1Fb03C827C.jpg..220x220a.jpg
"['办公文教', '耗材用品']",办公收纳用品,便签盒,韩国创意木质便签底座 木制名片底座 明信片照片底座 实木底座, 1.6 /个,https://www.hc360.com/m5/M02/A4/2C/wKhQ61UH0COERW3hAAAAAE6L4RU519.jpg..220x220a.jpg
"['办公文教', '耗材用品']",办公收纳用品,档案盒,河北源头厂家    档案盒      政府档案盒     科技档案盒     档案盒订制    文殊档案盒, 0.7 /个,https://www.hc360.com/k1/M08/D0/64/iqed05931ec406040614304AdB10FB49c5.jpg..220x220a.jpg
"['办公文教', '耗材用品']",办公收纳用品,文件夹,厂家供应_塑料文件夹_PP文件夹_广告文件夹_彩印文件夹_办公用文件夹, 0.98 /个,https://www.hc360.com/k3/M02/93/90/8fw1abc518e6D955b17a847F9509260062b.jpg..220x220a.jpg
"['办公文教', '耗材用品']",办公收纳用品,名片册,pp三层4格透明相片袋 名片册内页 内芯b5活页替芯 相册影集, 0.17 /张,https://www.hc360.com/k3/M0B/C3/AA/wKhQx1fPn0eEKxusAAAAANOOXHU942.jpg..220x220a.jpg
"['办公文教', '耗材用品']",办公收纳用品,文件柜,文件柜 文件柜厂家 文件柜批发  学校文件柜 办公文件柜, 270 /件,https://www.hc360.com/k3/M00/03/BC/D7b168209e948b5CACD971315b23e15AAA.jpg..220x220a.jpg
"['办公文教', '耗材用品']",办公收纳用品,名片盒,富祥T1610商务会展名片盒名片箱请赐名片盒展会会议专用特价, 21.0 /件,https://www.hc360.com/k2/M06/A9/58/wKhQxVejmXiERiDyAAAAAFHbuc8700.jpg..220x220a.jpg
"['办公文教', '耗材用品']",办公用品,印泥,印泥配方还原技术分析, 900 /桶,https://www.hc360.com/k2/M0A/FF/B0/Mde0320f80fD3A259510f1e63BBe8e93e6.jpg..220x220a.jpg
"['办公文教', '耗材用品']",办公用品,回形针,弹簧包塑钢丝 回形针专用丝 铁丝钢丝包胶厂家, 4460 /吨,https://www.hc360.com/k1/M02/50/46/0on1ef7621538f43002D3AfD975771372f0.jpg..220x220a.jpg
"['办公文教', '耗材用品']",办公用品,夹子,鼎东 抓钢机 旋转夹子 挖机旋转夹子, 1.3万/台,https://www.hc360.com/k1/M02/29/B3/XB863db17c7037Abc3A03E4F50cA478Ac5.jpg..220x220a.jpg
"['办公文教', '耗材用品']",办公用品,印油,水转印油墨 PET转印油墨 BC水转印油墨 美信水转印油墨, 130.0 /千克,https://www.hc360.com/k2/M06/C5/2E/wKhQxF5KLEuEXnw_AAAAAPJSpnM328.jpg..220x220a.jpg
"['办公文教', '耗材用品']",办公用品,装订夹,装订夹条 BKL系列装订夹条 装订条 七齿自锁条 7孔梳式装订夹条 七齿夹条黑色白色 40mm装订夹条, 30 /盒,https://www.hc360.com/k3/M08/4B/85/wKhQv1nAjTmEEAqHAAAAAImtIXs849.jpg..220x220a.jpg
"['办公文教', '耗材用品']",办公用品,黑板,科达黑板 教学黑板 学校黑板 智能黑板 智慧黑板 推拉黑板 平面黑板厂家, 200 /个,https://www.hc360.com/m6/M09/88/F3/Zgq585A4E16F081F8D684FD01FCB1E8F08D.jpg..220x220a.jpg
"['办公文教', '耗材用品']",办公用品,订书机,铁丝订书机 台式订书机, 3200 /台,https://www.hc360.com/m8/M03/59/E8/wKhQpldNVCuEZEGbAAAAAPoKC0I543.png..220x220a.png
"['办公文教', '耗材用品']",办公家具,办公桌,营房营具办公桌|营房办公桌|野营办公桌, 100.0 /件,https://www.hc360.com/k3/M00/FA/A3/wKhQv2AGRpGEV9IlAAAAACv81e8814.jpg..220x220a.jpg
"['办公文教', '耗材用品']",办公家具,办公椅,广锋鑫办公椅多种可选 办公椅子 办公椅电脑椅 商务办公椅 多功能办公椅 办公椅价格 办公椅厂家, 100.0 /个,https://www.hc360.com/k2/M0F/20/73/wKhQxGBh3euEakeJAAAAAFj1AAY924.jpg..220x220a.jpg
"['办公文教', '耗材用品']",办公家具,大班椅,"彬峰家具 大班椅 大班椅高靠背大班椅 可现货,可定做", 160.0 /个,https://www.hc360.com/k2/M0F/DD/6D/wKhQxVrxqMKEIO9EAAAAAKG93FU751.jpg..220x220a.jpg
"['办公文教', '耗材用品']",办公家具,大班桌,   藤办公桌带副柜藤办公转椅藤大班桌排条藤办公桌, 1770 /套,https://www.hc360.com/k3/M0F/FA/D7/wKhQv1tK3s-ETfEGAAAAAIGymW8113.jpg..220x220a.jpg
"['办公文教', '耗材用品']",办公家具,电脑桌,祥岗山 学生电脑桌  板式教室电脑桌 厂批发家直销 双人电脑桌  机房电脑桌, 260 /位,https://www.hc360.com/k2/M0C/48/A1/wKhQxVwtvCmECn9tAAAAAIxWsTs021.jpg..220x220a.jpg
"['办公文教', '耗材用品']",办公家具,屏风,山东澳森 铅屏风 医用铅屏风 升降铅屏风 防辐射铅屏风 升降铅屏风 铅屏风 射线防护铅屏风, 300.0 /副,https://www.hc360.com/m8/M0D/07/D8/rx069fEf01918E1BBAD7460B77A79f1E7f.jpg..220x220a.jpg
"['办公文教', '耗材用品']",办公家具,隔断,供应：隔断  可移动隔断   可折叠隔断  家用移动隔断  室内移动隔断, 62.0 /平方米,https://www.hc360.com/k1/M00/2A/68/wKhQw1dziXGEDhpQAAAAADdxznA877.jpg..220x220a.jpg
"['办公文教', '耗材用品']",办公家具,更衣柜,晔轩 更衣柜 员工更衣柜 宿舍更衣柜 学生更衣柜, 360 /套,https://www.hc360.com/m6/M03/02/0F/lg716b2b2dac8d2951b8aabad2b21d084a8.jpg..220x220a.jpg
